source,title,processed_text,url,label
https://www.bbc.com/somali,bbc newssomali,bbc newssomali,https://www.bbc.com/somali,1 = Real News
https://www.bbc.com/somali,u gudub qaybta macluumaadka,u gudub qaybta macluumaadka,https://www.bbc.com/somali#content,1 = Real News
https://www.bbc.com/somali,saynis iyo caafimaad,sayni iyo caafimaad,https://www.bbc.com/somali/topics/c2dr4lek2r9t,1 = Real News
https://www.bbc.com/somali,toosinternetka iiraan oo goan iyo khumaini oo ku eedeeyay dibad baxayaasha kuwa raaligalinaya trump,toosinternetka iiraan oo goan iyo khumaini oo ku eedeeyay dibad baxayaasha kuwa raaligalinaya trump,https://www.bbc.com/somali/live/c620z037j36t,1 = Real News
https://www.bbc.com/somali,duuliyihii meydka siyaad barre sida qarsoodiga ku keenay soomaaliya oo markii ugu horreysay hadlay,duuliyihii meydka siyaad barr sida qarsoodiga ku keenay soomaaliya oo markii ugu horreysay hadlay,https://www.bbc.com/somali/articles/cgrd2ykz2v7o,1 = Real News
https://www.bbc.com/somali,intee leeg yahay kaydka shidaalka ee venezuela,inte leeg yahay kaydka shidaalka ee venezuela,https://www.bbc.com/somali/articles/cz7yv511wj7o,1 = Real News
https://www.bbc.com/somali,hogaamiyaha ku meel gaarka ah ee venezuela oo shaqada ka ceyrisay janaraalkii masuulka ka ahaa ilaalada maduro,hogaamiyaha ku meel gaarka ah ee venezuela oo shaqada ka ceyrisay janaraalkii masuulka ka ahaa ilaalada maduro,https://www.bbc.com/somali/articles/c0jvgw3j10po,1 = Real News
https://www.bbc.com/somali,talaabada trump ee venezuela miyey khatar ku tahay ganacsiga shiinaha,talaabada trump ee venezuela miyey khatar ku tahay ganacsiga shiinaha,https://www.bbc.com/somali/articles/c4g0m9lj95eo,1 = Real News
https://www.bbc.com/somali,dalal muslim ah oo ay ka mid yihiin kuwa ku jira heshiiska abraham oo ka hor yimid aqoonsiga israaiil ee somaliland,dalal muslim ah oo ay ka mid yihiin kuwa ku jira heshiiska abraham oo ka hor yimid aqoonsiga israaiil ee somaliland,https://www.bbc.com/somali/articles/ce8rm45gkd6o,1 = Real News
https://www.bbc.com/somali,trump oo war hor leh ka sheegay qorshaha mustaqbalka maraykanka ee venezuela,trump oo war hor leh ka sheegay qorshaha mustaqbalka maraykanka ee venezuela,https://www.bbc.com/somali/articles/c20d4drd43wo,1 = Real News
https://www.bbc.com/somali,shan qodob oo ugu waaweynaa khudbadii uu jeediyey madaxweyne xasan sheekh iyo wixii uu ka yiri somaliland,qodob oo ugu waaweynaa khudbadii uu jeediyey madaxweyn xasan sheekh iyo wixii uu ka yiri somaliland,https://www.bbc.com/somali/articles/c17zqzql7jlo,1 = Real News
https://www.bbc.com/somali,waxa aynu ka ognahay iyo waxa aynaan ka ogayn ee ku saabsan toogashadii ice ee minneapolis,waxa aynu ka ognahay iyo waxa aynaan ka ogayn ee ku saabsan toogashadii ice ee minneapoli,https://www.bbc.com/somali/live/cx2xy2q6d69t,1 = Real News
https://www.bbc.com/somali,jawaabta soomaaliya ka bixisay hogaamiyaha yemen ka soo baxsaday ee sii dhex maray ka hor intuusan u dhoofin abu dhabi,jawaabta soomaaliya ka bixisay hogaamiyaha yemen ka soo baxsaday ee sii dhex maray ka hor intuusan u dhoofin abu dhabi,https://www.bbc.com/somali/articles/cjw1240ex2no,1 = Real News
https://www.bbc.com/somali,dawladda soomaaliya oo hadal ka soo saartay eedeyn ka timid maraykanka oo la xiriirta gargaar la lunsaday,dawladda soomaaliya oo hadal ka soo saartay eedeyn ka timid maraykanka oo la xiriirta gargaar la lunsaday,https://bbc.in/3LDdvqf,1 = Real News
https://www.bbc.com/somali,maxay xooluhu u cunaan lafaha iyo carrada,maxay xooluhu u cunaan lafaha iyo carrada,https://www.bbc.com/somali/articles/cp37yywg4eno,1 = Real News
https://www.bbc.com/somali,halkan uga soo biir,halkan uga soo biir,https://whatsapp.com/channel/0029Vb7CBbA0rGiHILXDlJ3u,1 = Real News
https://www.bbc.com/somali,maxay somaliland uga dhigan tahay in imaaraadka iyo midowga afrika ay taageereen mowqifka soomaaliya,maxay somaliland uga dhigan tahay imaaraadka iyo midowga afrika ay taageereen mowqifka soomaaliya,https://www.bbc.com/somali/articles/c62nqj05g9do,1 = Real News
https://www.bbc.com/somali,qodista ceelkii shidaal ee ugu horreeyay soomaaliya ayaa la bilaabi doonaa deegaankee ayay baddaas ku aadan tahay,qodista ceelkii shidaal ee ugu horreeyay soomaaliya ayaa la bilaabi doonaa deegaanke ayay baddaa ku aadan tahay,https://www.bbc.com/somali/articles/cjdj35kpgnko,1 = Real News
https://www.bbc.com/somali,maxay tahay diyaaradda fly lili ee hargeysa keentay wasiirka arrimaha dibadda israaiil,maxay tahay diyaaradda fli lili ee hargeysa keentay wasiirka arrimaha dibadda israaiil,https://www.bbc.com/somali/articles/c1dkg2v1ggqo,1 = Real News
https://www.bbc.com/somali,barasaabka ay hareeyeen fadeexada lacag lunsashada soomaalida oo ka tanaasulay dib u doorashadiisa,barasaabka ay hareeyeen fadeexada lacag lunsashada soomaalida oo ka tanaasulay dib u doorashadiisa,https://www.bbc.com/somali/articles/cd0ye9n3y59o,1 = Real News
https://www.bbc.com/somali,sidee khudbadihii jimcaha looga hadlay aqoonsiga israaiil ee somaliland,side khudbadihii jimcaha looga hadlay aqoonsiga israaiil ee somaliland,https://www.bbc.com/somali/articles/cx2x4k6n0yeo,1 = Real News
https://www.bbc.com/somali,warar dheeraad ah oo ka soo kordhay taariikhda la bilaabi doono qodista shidaalka soomaaliya iyo maraakiibta qodaysa,warar dheeraad ah oo ka soo kordhay taariikhda la bilaabi doono qodista shidaalka soomaaliya iyo maraakiibta qodaysa,https://www.bbc.com/somali/articles/crml2n73mx7o,1 = Real News
https://www.bbc.com/somali,laba sano kadib murankii itoobiya iyo soomaaliya sidee haatan yahay xaalka labada dal,laba sano kadib murankii itoobiya iyo soomaaliya side haatan yahay xaalka labada dal,https://www.bbc.com/somali/articles/cvgxllxgpq3o,1 = Real News
https://www.bbc.com/somali,muxuusan sannadka cusub uga wada bilaaban da janaayo dalalka dunida oo dhan,muxuusan sannadka cusub uga wada bilaaban da janaayo dalalka dunida oo dhan,https://www.bbc.com/somali/articles/clygndj2q77o,1 = Real News
https://www.bbc.com/somali,ka ciyaaryahan ee ugu sareeyay kubada cagta aduunka,ka ciyaaryahan ee ugu sareeyay kubada cagta aduunka,https://www.bbc.com/somali/articles/cm2y4l3791qo,1 = Real News
https://www.bbc.com/somali,wareegga kalareebta ee ka kooxood ee qaramada afrika afcon oo la shaaciyey kooxaha u soo baxay,wareegga kalareebta ee ka kooxood ee qaramada afrika afcon oo la shaaciyey kooxaha u soo baxay,https://www.bbc.com/somali/articles/czej5xlj3elo,1 = Real News
https://www.bbc.com/somali,garoonka tababarka taekwondo da ee ka dhaxeeya soomaaliya iyo itoobiyo oo laga furay addis ababa,garoonka tababarka taekwondo da ee ka dhaxeeya soomaaliya iyo itoobiyo oo laga furay addi ababa,https://www.bbc.com/somali/articles/cgexwple4l3o,1 = Real News
https://www.bbc.com/somali,daaman jabay ilko daatay iyo malyan maxaan kala soconnaa cayaartii feerka ee dhex martay joshua iyo jake paul,daaman jabay ilko daatay iyo malyan maxaan kala soconnaa cayaartii feerka ee dhex martay joshua iyo jake paul,https://www.bbc.com/somali/articles/c98907y7gj4o,1 = Real News
https://www.bbc.com/somali,soomaaliya iyo waddan oo afrikaan ah oo aan waligood imaan wareegga kama dambaysta ee koobka qaramada afrika,soomaaliya iyo waddan oo afrikaan ah oo aan waligood imaan wareegga kama dambaysta ee koobka qaramada afrika,https://www.bbc.com/somali/articles/cj4qk9r1j99o,1 = Real News
https://www.bbc.com/somali,muxuu yahay isbeddelka lagu sameeyey koobka qaramada qaarasda afrika maxaase la soo kordhiyey,muxuu yahay isbeddelka lagu sameeyey koobka qaramada qaarasda afrika maxaas la soo kordhiyey,https://www.bbc.com/somali/articles/cj4qgl8lk8eo,1 = Real News
https://www.bbc.com/somali,saalax ma qaadi doonaa koobka afcon ayadoo morocco ay isha ku hayso sharaf ay dalkeeda u soo jiiddo,saalax qaadi doonaa koobka afcon ayadoo morocco ay isha ku hayso sharaf ay dalkeeda u soo jiiddo,https://www.bbc.com/somali/articles/cvgrzv8k7rdo,1 = Real News
https://www.bbc.com/somali,maxay ka dhignayd macsalaamayntii maxamed saalax ee taageerayaasha liverpool iyadoo wali suaalo dul hoganayaan,maxay ka dhignayd macsalaamayntii maxam saalax ee taageerayaasha liverpool iyadoo wali suaalo dul hoganayaan,https://www.bbc.com/somali/articles/cgmn442xzvno,1 = Real News
https://www.bbc.com/somali,cunto laga helo guryaha soomaalida oo ay isticmaali jireen boqorrada oo kaliya,cunto laga helo guryaha soomaalida oo ay isticmaali jireen boqorrada oo kaliya,https://www.bbc.com/somali/articles/cz9vwj1820do,1 = Real News
https://www.bbc.com/somali,maxaad ka xusuusataa dadka caanka ah ee geeriyooday,maxaad ka xusuusataa dadka caanka ah ee geeriyooday,https://www.bbc.com/somali/articles/c741gkgyejjo,1 = Real News
https://www.bbc.com/somali,afar goobood oo ku yaalla adduunka oo aan la ogolayn in cag la dhigo,afar goobood oo ku yaalla adduunka oo aan la ogolayn cag la dhigo,https://www.bbc.com/somali/articles/cn4djry28xpo,1 = Real News
https://www.bbc.com/somali,maxaad ka taqaan taariikhda fanka ee fuaad axmed ilkacase oo ku geeriyooday jabuuti,maxaad ka taqaan taariikhda fanka ee fuaad axm ilkacas oo ku geeriyooday jabuuti,https://www.bbc.com/somali/articles/cd9zyx3ly2xo,1 = Real News
https://www.bbc.com/somali,sidee wadaadkaan soomaaliga ah uu jeer quraanka oo dhan gacantiisa ugu qoray,side wadaadkaan soomaaliga ah uu jeer quraanka oo dhan gacantiisa ugu qoray,https://www.bbc.com/somali/articles/c80wwx9en1eo,1 = Real News
https://www.bbc.com/somali,muxuu hogaamiyaha masiixiyiinta booqashadiisii ugu horreysay uga bilaabay dalkan muslinka ah ee xiriirka dhow la leh soomaaliya,muxuu hogaamiyaha masiixiyiinta booqashadiisii ugu horreysay uga bilaabay dalkan muslinka ah ee xiriirka dhow la leh soomaaliya,https://www.bbc.com/somali/articles/cy5gkrz73dpo,1 = Real News
https://www.bbc.com/somali,eritrea oo xir xirtay culumo albaabbadana isugu dhufatay xarumo diinta lagu barto,eritrea oo xir xirtay culumo albaabbadana isugu dhufatay xarumo diinta lagu barto,https://www.bbc.com/somali/articles/c9d9lnxldydo,1 = Real News
https://www.bbc.com/somali,muuqaaldaawo wadaad iiraani ah oo af shiineys ku addimay oo baraha bulshada qabsaday muddada,muuqaaldaawo wadaad iiraani ah oo af shiiney ku addimay oo baraha bulshada qabsaday muddada,https://www.bbc.com/somali/articles/c3rjrdlwn5qo,1 = Real News
https://www.bbc.com/somali,masar oo markii ugu horreysay soo bandhigtay agabkii lala aasay mid ka mid ah boqorradii faraaciinta,masar oo markii ugu horreysay soo bandhigtay agabkii lala aasay mid ka mid ah boqorradii faraaciinta,https://www.bbc.com/somali/articles/cq50083y710o,1 = Real News
https://www.bbc.com/somali,nin xaday qalfooftaan sano ka hor ayaa haatan iska soo celiyay,nin xaday qalfooftaan sano ka hor ayaa haatan iska soo celiyay,https://www.bbc.com/somali/articles/crkllm5110mo,1 = Real News
https://www.bbc.com/somali,shil argagax leh sidee ayey kaligeed ugu badbaaday diyaaraad lagu wada dhintay,shil argagax leh side ayey kalige ugu badbaaday diyaaraad lagu wada dhintay,https://www.bbc.com/somali/articles/cy9pnvy95gro,1 = Real News
https://www.bbc.com/somali,jacayl ka bilowday xabsi sida nin muslim ah oo reer afgaanistaan ah u guursaday haweeney yuhuudi ah,jacayl ka bilowday xabsi sida nin muslim ah oo reer afgaanistaan ah u guursaday haweeney yuhuudi ah,https://www.bbc.com/somali/articles/cr43zq6kp5yo,1 = Real News
https://www.bbc.com/somali,coddhegeyso mudaaharaadkii ka dhacay muqdisho ee looga soo horjeeday aqoonsiga somaliland muddada,coddhegeyso mudaaharaadkii ka dhacay muqdisho ee looga soo horjeeday aqoonsiga somaliland muddada,https://www.bbc.com/somali/articles/c79x99j5w19o,1 = Real News
https://www.bbc.com/somali,coddhegeyso madasha samata bixinta oo ka hadashay shirka ka furmaya kismaayo muddada,coddhegeyso madasha samata bixinta oo ka hadashay shirka ka furmaya kismaayo muddada,https://www.bbc.com/somali/articles/cn7k854z31yo,1 = Real News
https://www.bbc.com/somali,muuqaaldaawo waxa aad u baahan tahay in aad ka ogaato shirka kismaayo ka dhici doona muddada,muuqaaldaawo waxa aad u baahan tahay aad ka ogaato shirka kismaayo ka dhici doona muddada,https://www.bbc.com/somali/articles/c5y9w7wde2go,1 = Real News
https://www.bbc.com/somali,coddhegeyso maxaa ka soo kordhay xaaladda caafimaad ee abwaan xirsidhuux muddada,coddhegeyso maxaa ka soo kordhay xaaladda caafimaad ee abwaan xirsidhuux muddada,https://www.bbc.com/somali/articles/cn41g80xglgo,1 = Real News
https://www.bbc.com/somali,maxaa caanaha geela loogu yaqaan dahabka cad,maxaa caanaha geela loogu yaqaan dahabka cad,https://www.bbc.com/somali/articles/c5yv6q6x54jo,1 = Real News
https://www.bbc.com/somali,siyaabood oo kaa caawinaya inaad firfircooni dareento,siyaabood oo kaa caawinaya inaad firfircooni dareento,https://www.bbc.com/somali/articles/cgjw24gyvvpo,1 = Real News
https://www.bbc.com/somali,sababta qaar ka mid ah xayawaanku ay sun u cuni karaan ayagoon dhiman,sababta qaar ka mid ah xayawaanku ay sun u cuni karaan ayagoon dhiman,https://www.bbc.com/somali/articles/c9w71zlx85qo,1 = Real News
https://www.bbc.com/somali,maxaa ka taqaanaa xiriirka u dhexeeya cirrada iyo kansarka,maxaa ka taqaanaa xiriirka u dhexeeya cirrada iyo kansarka,https://www.bbc.com/somali/articles/cg4n7nr59wko,1 = Real News
https://www.bbc.com/somali,shiinaha oo cashuur ku soo rogay agabka ka hor tagga dhalmada,shiinaha oo cashuur ku soo rogay agabka ka hor tagga dhalmada,https://www.bbc.com/somali/articles/c4grlzy0162o,1 = Real News
https://www.bbc.com/somali,dahabka oo maanta jooga qiimihii ugu sareeyay sanadkaan iyo waxa la saadaalinayo,dahabka oo maanta jooga qiimihii ugu sareeyay sanadkaan iyo waxa la saadaalinayo,https://www.bbc.com/somali/articles/cn81nd8pjp8o,1 = Real News
https://www.bbc.com/somali,ninka ugu taajirsan caalamka oo taariikh cusub dhigay,ninka ugu taajirsan caalamka oo taariikh cusub dhigay,https://www.bbc.com/somali/articles/ce3wg61vy44o,1 = Real News
https://www.bbc.com/somali,masar oo samaysatay diyaarad nooca isqarxiya ah iyo hadal heyn wayn oo ka dhalatay,masar oo samaysatay diyaarad nooca isqarxiya ah iyo hadal heyn wayn oo ka dhalatay,https://www.bbc.com/somali/articles/c773vvz1y5yo,1 = Real News
https://www.bbc.com/somali,tirada iyo magacyada dalalka ka soo horjeestay aqoonsiga somaliland,tirada iyo magacyada dalalka ka soo horjeestay aqoonsiga somaliland,https://www.bbc.com/somali/articles/cwypyxqen7no,1 = Real News
https://www.bbc.com/somali,baasaboorka soomaaliga oo gaaray meeshii ugu sarraysay sannadkan dhamaanaya ee meeqa dal ayaa lagu tagi kara fiise laaan,baasaboorka soomaaliga oo gaaray meeshii ugu sarraysay sannadkan dhamaanaya ee meeqa dal ayaa lagu tagi kara fiis laaan,https://www.bbc.com/somali/articles/c23e72rvrkgo,1 = Real News
https://www.bbc.com/somali,sababta aad ku aamini kartid bbc news,sababta aad ku aamini kartid bbc news,https://www.bbc.com/somali/hayadeed-49283375,1 = Real News
https://www.bbc.com/somali,shuruucda isticmaalka,shuruucda isticmaalka,https://www.bbc.com/somali/hayadeed-37098011,1 = Real News
https://www.bbc.com/somali,shuruucda xogta gaarka ah,shuruucda xogta gaarka ah,https://www.bbc.com/somali/hayadeed-37098082,1 = Real News
https://www.bbc.com/somali,wararka bbc ee luqadaha kale,wararka bbc ee luqadaha kale,https://www.bbc.com/ws/languages,1 = Real News
https://www.bbc.com/somali,do not share or sell my info,share sell info,https://www.bbc.com/somali#,1 = Real News
https://www.bbc.com/somali,akhri xogta ku saabsan sida aan u abaarno bogagga dibadda,akhri xogta ku saabsan sida aan u abaarno bogagga dibadda,https://www.bbc.com/editorialguidelines/guidance/links-and-feeds,1 = Real News
https://sonna.so/so,madaxweyne xasan sheekh oo boqolaal shacab ah salaadda jimcaha kula oogay masjidka abuu hureyra ee suuqa baraakaraha,madaxweyn xasan sheekh oo boqola shacab ah salaadda jimcaha kula oogay masjidka abuu hureyra ee suuqa baraakaraha,https://sonna.so/so/madaxweyne-xasan-sheekh-oo-boqolaal-shacab-ah-salaadda-jimcaha-kula-oogay-masjidka-abuu-hureyra-ee-suuqa-baraakaraha/,1 = Real News
https://sonna.so/so,warbixinta toddobaadlaha ee waxqabadka dowladda federaalka soomaaliya,warbixinta toddobaadlaha ee waxqabadka dowladda federaalka soomaaliya,https://sonna.so/so/warbixinta-toddobaadlaha-ee-waxqabadka-dowladda-federaalka-soomaaliya/,1 = Real News
https://sonna.so/so,in ka badan khawaarij ah oo lagu laayey gobolka bay,ka badan khawaarij ah oo lagu laayey gobolka bay,https://sonna.so/so/in-ka-badan-22-khawaarij-ah-oo-lagu-laayey-gobolka-bay/,1 = Real News
https://sonna.so/so,soomaaliya iyo singapore oo ka wadahadlay arrimaha soomaaliya iyo qodobbo kale,soomaaliya iyo singapor oo ka wadahadlay arrimaha soomaaliya iyo qodobbo kale,https://sonna.so/so/soomaaliya-iyo-singapore-oo-ka-wadahadlay-arrimaha-soomaaliya-iyo-qodobbo-kale/,1 = Real News
https://sonna.so/so,ciidanka xoogga iyo saaxiibada caalamka oo jubbada dhexe ku dilay maleeeshiyaad khawaarij ah,ciidanka xoogga iyo saaxiibada caalamka oo jubbada dhex ku dilay maleeeshiyaad khawaarij ah,https://sonna.so/so/ciidanka-xoogga-iyo-saaxiibada-caalamka-oo-jubbada-dhexe-ku-dilay-maleeeshiyaad-khawaarij-ah/,1 = Real News
https://sonna.so/so,wafdi ballaaran oo ka socday dowladda turkiga ayaa maanta soo gaaray muqdisho,wafdi ballaaran oo ka socday dowladda turkiga ayaa maanta soo gaaray muqdisho,https://sonna.so/so/wafdi-ballaaran-oo-ka-socday-dowladda-turkiga-ayaa-maanta-soo-gaaray-muqdisho/,1 = Real News
https://sonna.so/so,madaxweyne erdogan oo helay abaalmarin khuseysa xagga biniaadanimada,madaxweyn erdogan oo helay abaalmarin khuseysa xagga biniaadanimada,https://sonna.so/so/madaxweyne-erdogan-oo-abaalmarin-ku-qaatay-badbaadinta-dadka-reer-falastiin/,1 = Real News
https://sonna.so/so,qadar oo qabaneysa shirka caalamiga ah ee halabuurka waxbarashada,qadar oo qabaneysa shirka caalamiga ah ee halabuurka waxbarashada,https://sonna.so/so/qadar-oo-qabaneysa-shirka-caalamiga-ah-ee-hal-abuurka-waxbarashada/,1 = Real News
https://sonna.so/so,qaramada midoobay oo cambaareysay weerarkii israel ee masjid ku yaalla daanta galbeed,qaramada midoobay oo cambaareysay weerarkii israel ee masjid ku yaalla daanta galbe,https://sonna.so/so/qaramada-midoobay-oo-cambaareysay-weerarkii-israel-ee-masjid-ku-yaalla-daanta-galbeed/,1 = Real News
https://sonna.so/so,turkiye oo soo dhoweysay qaadidda cunaqabateyntii saarneyd maamulka suuriya,turkiy oo soo dhoweysay qaadidda cunaqabateyntii saarneyd maamulka suuriya,https://sonna.so/so/turkiye-oo-soo-dhoweysay-qaadidda-cunaqabateyntii-saarneyd-maamulka-suuriya/,1 = Real News
https://sonna.so/so,sonna sanno oo adeeg qaran iyo codka soomaaliya ee caalamka,sonna sanno oo adeeg qaran iyo codka soomaaliya ee caalamka,https://sonna.so/so/sonna-62-sanno-oo-adeeg-qaran-iyo-codka-soomaaliya-ee-caalamka/,1 = Real News
https://sonna.so/so,markii ay soomaaliya tallaabo horay u qaadaba maxaa loo qulbaa warbixin,markii ay soomaaliya tallaabo horay u qaadaba maxaa loo qulbaa warbixin,https://sonna.so/so/markii-ay-soomaaliya-tallaabo-horay-u-qaadaba-maxaa-loo-qulbaa-warbixin/,1 = Real News
https://sonna.so/so,aqoonsiga qeybo ka mid ah dal waxa uu khatar gelinayaa nabadda iyo amniga caalamka,aqoonsiga qeybo ka mid ah dal waxa uu khatar gelinayaa nabadda iyo amniga caalamka,https://sonna.so/so/aqoonsiga-qeybo-ka-mid-ah-dal-waxa-uu-khatar-gelinayaa-nabadda-iyo-amniga-caalamka/,1 = Real News
https://sonna.so/so,xuska maalinta ciidanka boliiska ee ka disembar,xuska maalinta ciidanka boliiska ee ka disembar,https://sonna.so/so/xuska-maalinta-ciidanka-boliiska-ee-20-ka-disembar/,1 = Real News
https://sonna.so/so,warbixin muhiimadda weyn ee hannaanka dawladnimo ee hanaqaaday,warbixin muhiimadda weyn ee hannaanka dawladnimo ee hanaqaaday,https://sonna.so/so/warbixin-muhiimadda-weyn-ee-hannaanka-dawladnimo-ee-hanaqaaday/,1 = Real News
https://sonna.so/so,,,https://sonna.so/so/%f0%9d%90%92%f0%9d%90%a1%f0%9d%90%a2%f0%9d%90%ab%f0%9d%90%b0%f0%9d%90%9e%f0%9d%90%b2%f0%9d%90%a7%f0%9d%90%9a%f0%9d%90%a1%f0%9d%90%9a-%f0%9d%9f%8f%f0%9d%9f%8f-%f0%9d%90%9a%f0%9d%90%9a%f0%9d%90%9d/,1 = Real News
https://sonna.so/so,waa maxay starlink oo la siiyay ogolaanshaha warbixin,waa maxay starlink oo la siiyay ogolaanshaha warbixin,https://sonna.so/so/waa-maxay-starlink-oo-la-siiyay-ogolaanshaha-warbixin/,1 = Real News
https://sonna.so/so,,,https://sonna.so/so/%f0%9d%90%92%f0%9d%90%a8%f0%9d%90%a8%f0%9d%90%a6%f0%9d%90%9a%f0%9d%90%9a%f0%9d%90%a5%f0%9d%90%a2%f0%9d%90%b2%f0%9d%90%9a-%f0%9d%90%a2%f0%9d%90%b2%f0%9d%90%a8-%f0%9d%90%8c%f0%9d%90%9a%f0%9d%90%ab/,1 = Real News
https://sonna.so/so,shirkii beijing fursadaha afrika iyo fursadaha soomaaliya,shirkii beij fursadaha afrika iyo fursadaha soomaaliya,https://sonna.so/so/shirkii-beijing-fursadaha-afrika-iyo-fursadaha-soomaaliya/,1 = Real News
https://sonna.so/so,soomaaliya oo hirgalinaysa lambarka mideysan ee aqoonsiga canshuur bixiyaha,soomaaliya oo hirgalinaysa lambarka mideysan ee aqoonsiga canshuur bixiyaha,https://sonna.so/so/soomaaliya-oo-hirgalinaysa-lambarka-mideysan-ee-aqoonsiga-canshuur-bixiyaha/,1 = Real News
https://sonna.so/so,soomaaliya oo ka hartay tartanka koobka fifa arab cup,soomaaliya oo ka hartay tartanka koobka fifa arab cup,https://sonna.so/so/soomaaliya-oo-ka-hartay-tartanka-koobka-fifa-arab-cup-2025/,1 = Real News
https://sonna.so/so,xulka qaranka oo guul weyn ka gaaray dhiggooda rwanda,xulka qaranka oo guul weyn ka gaaray dhiggooda rwanda,https://sonna.so/so/xulka-qaranka-oo-guul-weyn-ka-gaaray-dhiggooda-rwanda/,1 = Real News
https://sonna.so/so,ciyaar dhex martay xulalka jirka soomaaliya iyo itoobiya oo barbar dhac ku soo dhamaatay,ciyaar dhex martay xulalka jirka soomaaliya iyo itoobiya oo barbar dhac ku soo dhamaatay,https://sonna.so/so/ciyaar-dhex-martay-xulalka-17-jirka-soomaaliya-iyo-itoobiya-oo-barbar-dhac-ku-soo-dhamaatay/,1 = Real News
https://sonna.so/so,wasiirka deegaanka xfs oo kulan la qaatay wafdiga soomaalida ee ka qaybgalay shirka isbedelka cimilada,wasiirka deegaanka xf oo kulan la qaatay wafdiga soomaalida ee ka qaybgalay shirka isbedelka cimilada,https://sonna.so/so/wasiirka-deegaanka-xfs-oo-kulan-la-qaatay-wafdiga-soomaalida-ee-ka-qaybgalay-shirka-isbedelka-cimilada/,1 = Real News
https://sonna.so/so,xulka qaranka soomaaliya oo isu diyaarinaya kulanka dhigiisa ee aljeeriya,xulka qaranka soomaaliya oo isu diyaarinaya kulanka dhigiisa ee aljeeriya,https://sonna.so/so/xulka-qaranka-soomaaliya-oo-isu-diyaarinaya-kulanka-dhigiisa-ee-aljeeriya/,1 = Real News
https://sonna.so/so,bayaan ku saabsan booqashada sharci darada ah ee israel ay ku tageen gobolka woqooyi galbeed ee jfs,bayaan ku saabsan booqashada sharci darada ah ee israel ay ku tageen gobolka woqooyi galbe ee jf,https://sonna.so/so/bayaan-ku-saabsan-booqashada-sharci-darada-ee-israel-ay-ku-tageen-gobolka-woqooyi-galbeed-ee-jfs/,1 = Real News
https://sonna.so/so,wasiirka duulista hawada oo qaabilay wafdi ka socda qaramada midoobay,wasiirka duulista hawada oo qaabilay wafdi ka socda qaramada midoobay,https://sonna.so/so/wasiirka-duulista-hawada-oo-qaabilay-wafdi-ka-socda-qaramada-midoobay/,1 = Real News
https://sonna.so/so,isdiiwaangalinta doorashooyinka oo ka bilowday banaadir warbixin,isdiiwaangalinta doorashooyinka oo ka bilowday banaadir warbixin,https://sonna.so/so/isdiiwaangalinta-doorashooyinka-oo-ka-bilowday-banaadir-warbixin/,1 = Real News
https://sonna.so/so,raiisulwasaare xamsa iyo safarka midnimada iyo nabada warbixin,raiisulwasaar xamsa iyo safarka midnimada iyo nabada warbixin,https://sonna.so/so/raiisul-wasaare-xamsa-iyo-safarka-midnimada-iyo-nabada-warbixin/,1 = Real News
https://sonna.so/so,madaxweynaha jfs oo gogol u fidiyay siyaasiyiinta iyo hogaamiyaasha bulshada,madaxweynaha jf oo gogol u fidiyay siyaasiyiinta iyo hogaamiyaasha bulshada,https://sonna.so/so/madaxweynaha-jfs-oo-gogol-u-fidiyay-siyaasiyiinta-iyo-hogaamiyaasha-bulshada/,1 = Real News
https://sonna.so/so,radio mogadishu,radio mogadishu,https://radiomuqdisho.so,1 = Real News
https://sonna.so/so,tourism department,tourism depart,https://tourism.gov.so,1 = Real News
https://sntv.so,koonfur galbeed,koonfur galbe,https://sntv.so/category/koonfur-galbeed/,1 = Real News
https://sntv.so,kulanka toddobaadka,kulanka toddobaadka,https://sntv.so/category/benaadir/kulanka-toddobaadka/,1 = Real News
https://sntv.so,fanka iyo suugaanta,fanka iyo suugaanta,https://sntv.so/category/fanka-iyo-suugaanta/,1 = Real News
https://sntv.so,madasha dhallinyarada,madasha dhallinyarada,https://sntv.so/category/madasha-dhallinyarada/,1 = Real News
https://sntv.so,qalin iyo qoraal,qalin iyo qoraal,https://sntv.so/category/qalin-iyo-qoraal/,1 = Real News
https://sntv.so,shuruucda dalka,shuruucda dalka,https://sntv.so/category/shuruucda-dalka/,1 = Real News
https://sntv.so,xusuusta keydka,xusuusta keydka,https://sntv.so/category/xusuusta-keydka/,1 = Real News
https://sntv.so,wareysi gaar ah,wareysi gaar ah,https://sntv.so/category/wareysi-gaar-ah/,1 = Real News
https://sntv.so,forgot your password,forgot password,https://sntv.so#,1 = Real News
https://sntv.so,sntvtelefishinka qaranka soomaaliyeed,sntvtelefishinka qaranka soomaaliye,https://sntv.so/,1 = Real News
https://sntv.so,guddoomiyaha shdhexe oo gaaray wargaadhi kadib jabkii khawaarijta,guddoomiyaha shdhex oo gaaray wargaadhi kadib jabkii khawaarijta,https://sntv.so/2026/01/08/guddoomiyaha-sh-dhexe-oo-gaaray-wargaadhi-kadib-jabkii-khawaarijta/,1 = Real News
https://sntv.so,taliyaha ciidanka dhulka oo kormeer uga tagay ciidamo ku sugan matabaan,taliyaha ciidanka dhulka oo kormeer uga tagay ciidamo ku sugan matabaan,https://sntv.so/2026/01/08/taliyaha-ciidanka-dhulka-oo-kormeer-uga-tagay-ciidamo-ku-sugan-matabaan/,1 = Real News
https://sntv.so,munaasabad lagu dhiirrigelinayo saraakiisha amniga kgs oo lagu qabtay baydhabo,munaasabad lagu dhiirrigelinayo saraakiisha amniga kg oo lagu qabtay baydhabo,https://sntv.so/2026/01/08/munaasabad-lagu-dhiirrigelinayo-saraakiisha-amniga-kgs-oo-lagu-qabtay-baydhabo/,1 = Real News
https://sntv.so,maareeyaha batroolka qaranka oo shaaciyay cadadka shidaalka laga helay soomaaliya,maareeyaha batroolka qaranka oo shaaciyay cadadka shidaalka laga helay soomaaliya,https://sntv.so/2026/01/08/maareeyaha-batroolka-qaranka-oo-shaaciyay-cadadka-shidaalka-laga-helay-soomaaliya/,1 = Real News
https://sntv.so,duqa muqdisho oo ka hadlay dhismaha waddada jamhuuriya ee degmada karaan,duqa muqdisho oo ka hadlay dhismaha waddada jamhuuriya ee degmada karaan,https://sntv.so/2026/01/08/duqa-muqdisho-oo-ka-hadlay-dhismaha-waddada-jamhuuriya-ee-degmada-karaan/,1 = Real News
https://sntv.so,dowladda imaaraadka carabta oo taageertay madaxbannaanida iyo midnimada dhuleed ee soomaaliya,dowladda imaaraadka carabta oo taageertay madaxbannaanida iyo midnimada dhule ee soomaaliya,https://sntv.so/2024/01/18/dowladda-imaaraadka-carabta-oo-taageertay-madaxbannaanida-iyo-midnimada-dhuleed-ee-soomaaliya/,1 = Real News
https://sntv.so,guddoomiyaha gobolka banaadir oo dhagax dhigay waddo laga dhisayo degmada hodan,guddoomiyaha gobolka banaadir oo dhagax dhigay waddo laga dhisayo degmada hodan,https://sntv.so/2024/01/17/guddoomiyaha-gobolka-banaadir-oo-dhagax-dhigay-waddo-laga-dhisayo-degmada-hodan/,1 = Real News
https://sntv.so,danjire jamaaludiin sii deynta qalbidhax waa codsi ka yimid dowladda soomaaliya,danjir jamaaludiin sii deynta qalbidhax waa codsi ka yimid dowladda soomaaliya,https://sntv.so/2018/06/30/danjire-jamaaludiin-sii-deynta-qalbi-dhax-waa-codsi-ka-yimid-dowladda-soomaaliya/,1 = Real News
https://sntv.so,dowladda soomaaliya oo cambaareysay sawaariikhdii lagu ridey riyadh dhageyso,dowladda soomaaliya oo cambaareysay sawaariikhdii lagu ridey riyadh dhageyso,https://sntv.so/2018/03/26/dowladda-soomaaliya-oo-cambaareysay-sawaariikhdii-lagu-ridey-riyadh-dhageyso/,1 = Real News
https://sntv.so,dowladda soomaaliya oo caddeysay mowqifkeeda sacuudiga iyo canada,dowladda soomaaliya oo caddeysay mowqifkeeda sacuudiga iyo canada,https://sntv.so/2018/08/08/dowladda-soomaaliya-oo-caddeysay-mowqifkeeda-sacuudiga-iyo-canada/,1 = Real News
https://sntv.so,wasaaradda dekadaha oo wax kama jiraan ku tilmaantay heshiiska dp world ee dekadda berbera,wasaaradda dekadaha oo wax kama jiraan ku tilmaantay heshiiska dp world ee dekadda berbera,https://sntv.so/2018/03/02/wasaaradda-dekadaha-oo-wax-kama-jiraan-ku-tilmaantay-heshiiska-dp-world-ee-dekadda-berbera/,1 = Real News
https://sntv.so,alshabaab oo sixirooleyaashooda soo ban bixiyay,alshabaab oo sixirooleyaashooda soo ban bixiyay,https://sntv.so/2018/08/24/alshabaab-oo-sixirooleyaashooda-soo-ban-bixiyay/,1 = Real News
https://sntv.so,madaxweyne xasan oo lakulmay wasiirada waxbarashada maamulada,madaxweyn xasan oo lakulmay wasiirada waxbarashada maamulada,https://sntv.so/2022/10/20/madaxweyne-xasan-oo-lakulmay-wasiirada-waxbarashada-maamulada/,1 = Real News
https://sntv.so,madaxweynaha qaranka oo gudoomiyay shirka golaha wasiirada sawiro,madaxweynaha qaranka oo gudoomiyay shirka golaha wasiirada sawiro,https://sntv.so/2022/10/06/madaxweynaha-qaranka-oo-gudoomiyay-shirka-golaha-wasiirada-sawiro/,1 = Real News
https://sntv.so,madaxweynaha kenya oo lagu soo dhaweeyay muqdisho sawirro,madaxweynaha kenya oo lagu soo dhaweeyay muqdisho sawirro,https://sntv.so/2022/06/09/madaxweynaha-kenya-oo-lagu-soo-dhaweeyay-muqdisho-sawirro/,1 = Real News
https://sntv.so,reysul wasaaraha xfs ayaa muqdisho kusoo dhaweeyay wafdi ka socda imaaraadka carabta,reysul wasaaraha xf ayaa muqdisho kusoo dhaweeyay wafdi ka socda imaaraadka carabta,https://sntv.so/2022/06/09/reysul-wasaaraha-xfs-ayaa-muqdisho-kusoo-dhaweeyay-wafdi-ka-socda-imaaraadka-carabta/,1 = Real News
https://sntv.so,culimada soomaaliyeed oo baaq kasoo saartay dagaalka ka socda gobolka sool,culimada soomaaliye oo baaq kasoo saartay dagaalka ka socda gobolka sool,https://sntv.so/2018/10/25/culimada-soomaaliyeed-oo-baaq-kasoo-saartay-dagaalka-ka-socda-gobolka-sool/,1 = Real News
https://sntv.so,dowlad gobaleedyada oo markale xisaab celin la weydiiyay,dowlad gobaleedyada oo markal xisaab celin la weydiiyay,https://sntv.so/2018/10/25/dowlad-gobaleedyada-oo-markale-xisaab-celin-la-weydiiyay/,1 = Real News
https://sntv.so,wasaaradda arrimaha gudaha xfs oo baaq u dirtay madaxda maamul goboleedyada,wasaaradda arrimaha gudaha xf oo baaq u dirtay madaxda maamul goboleedyada,https://sntv.so/2018/10/21/wasaaradda-arrimaha-gudaha-xfs-oo-baaq-u-dirtay-madaxda-maamul-goboleedyada/,1 = Real News
https://sntv.so,madaxda galmudug oo kulan ku aadan muhiimada golayaasha deegaanka uqabatay dadka reer caabudwaaq,madaxda galmudug oo kulan ku aadan muhiimada golayaasha deegaanka uqabatay dadka reer caabudwaaq,https://sntv.so/2018/08/03/madaxda-galmudug-oo-kulan-ku-aadan-muhiimada-golayaasha-deegaanka-uqabatay-dadka-reer-caabudwaaq/,1 = Real News
https://sntv.so,tababar ku saabsan adeegsiga korontada oo ka furmay muqdisho,tababar ku saabsan adeegsiga korontada oo ka furmay muqdisho,https://sntv.so/2018/07/28/tababar-ku-saabsan-adeegsiga-korontada-oo-ka-furmay-muqdisho/,1 = Real News
https://sntv.so,xukuumadda soomaaliya oo daahfurtay habka mideynta canshuurta,xukuumadda soomaaliya oo daahfurtay habka mideynta canshuurta,https://sntv.so/2018/07/21/xukuumadda-soomaaliya-oo-daah-furtay-habka-mideynta-canshuurta/,1 = Real News
https://sntv.so,madaxweyne farmaajo oo dalka ku soo laabtay kaddib madasha iskaashiga soomaaliya ee brussels,madaxweyn farmaajo oo dalka ku soo laabtay kaddib madasha iskaashiga soomaaliya ee brussel,https://sntv.so/2018/07/19/madaxweyne-farmaajo-oo-dalka-ku-soo-laabtay-kaddib-madasha-iskaashiga-soomaaliya-ee-brussels/,1 = Real News
https://sntv.so,raiisul wasaare kuxigeenka soomaaliya oo furay fadhigga aad ee shirka madasha iskaashiga soomaaliya ee brussels,raiisul wasaar kuxigeenka soomaaliya oo furay fadhigga aad ee shirka madasha iskaashiga soomaaliya ee brussel,https://sntv.so/2018/07/16/raiisul-wasaare-kuxigeenka-soomaaliya-oo-furay-fadhigga-1-aad-ee-shirka-madasha-iskaashiga-soomaaliya-ee-brussels/,1 = Real News
https://sntv.so,madaxweynaha jfs oo salaadda jimcaha kula oogay boqolaal shacab ah masjidka abuu hureyra ee suuqa bakaaraha,madaxweynaha jf oo salaadda jimcaha kula oogay boqola shacab ah masjidka abuu hureyra ee suuqa bakaaraha,https://sntv.so/2026/01/09/madaxweynaha-jfs-oo-salaadda-jimcaha-kula-oogay-boqolaal-shacab-ah-masjidka-abuu-hureyra-ee-suuqa-bakaaraha/,1 = Real News
https://sntv.so,fardowso xasan nuur,fardowso xasan nuur,https://sntv.so/author/fardowsa/,1 = Real News
https://sntv.so,warbixinta toddobaadlaha eedowladda federaalka soomaaliya oo soo baxday,warbixinta toddobaadlaha eedowladda federaalka soomaaliya oo soo baxday,https://sntv.so/2026/01/09/warbixinta-toddobaadlaha-ee-dowladda-federaalka-soomaaliya-oo-soo-baxday-25/,1 = Real News
https://sntv.so,wasiirka arrimaha dibadda soomaaliya oo khadka taleefoonka kula hadlay dhiggiisa singapore,wasiirka arrimaha dibadda soomaaliya oo khadka taleefoonka kula hadlay dhiggiisa singapor,https://sntv.so/2026/01/09/wasiirka-arrimaha-dibadda-soomaaliya-oo-khadka-taleefoonka-kula-hadlay-dhiggiisa-singapore/,1 = Real News
https://sntv.so,khawaarij ah oo lagu dilay howlgal qorshaysan oo laga fuliyay saakow,khawaarij ah oo lagu dilay howlgal qorshaysan oo laga fuliyay saakow,https://sntv.so/2026/01/09/18-khawaarij-ah-oo-lagu-dilay-howlgal-qorshaysan-oo-laga-fuliyay-saakow/,1 = Real News
https://sntv.so,diiwaangelinta doorashooyinka qof iyo codka ah ee degmada gaalkacyo oo maanta soo gabagabowday,diiwaangelinta doorashooyinka qof iyo codka ah ee degmada gaalkacyo oo maanta soo gabagabowday,https://sntv.so/2026/01/07/diiwaangelinta-doorashooyinka-qof-iyo-codka-ah-ee-degmada-gaalkacyo-oo-maanta-soo-gabagabowday/,1 = Real News
https://sntv.so,guddoomiyaha dhallinyarada gobolka banaadir oo ka dhiidhiyay faragelinta yhda ee dalkeenna,guddoomiyaha dhallinyarada gobolka banaadir oo ka dhiidhiyay faragelinta yhda ee dalkeenna,https://sntv.so/2026/01/07/guddoomiyaha-dhallinyarada-gobolka-banaadir-oo-ka-dhiidhiyay-faragelinta-yh-da-ee-dalkeenna/,1 = Real News
https://sntv.so,culimada soomaaliyeed oo banaanbax ka dhan ah xadgudubka israal ka dhigay taallada daljirka dahsoon,culimada soomaaliye oo banaanbax ka dhan ah xadgudubka israal ka dhigay taallada daljirka dahsoon,https://sntv.so/2026/01/07/culimada-soomaaliyeed-oo-banaanbax-ka-dhan-ah-xadgudubka-israa11l-ka-dhigay-taallada-daljirka-dahsoon/,1 = Real News
https://sntv.so,guddoomiyaha midowga golayaasha culimada soomaaliyeed oo ka hadlay faragelinta israal,guddoomiyaha midowga golayaasha culimada soomaaliye oo ka hadlay faragelinta israal,https://sntv.so/2026/01/07/guddoomiyaha-midowga-golayaasha-culimada-soomaaliyeed-oo-ka-hadlay-faragelinta-israa11l/,1 = Real News
https://sntv.so,bannaanbax ay culimada soomaaliyeed soo abaabuleen oo ka socda muqdisho,bannaanbax ay culimada soomaaliye soo abaabuleen oo ka socda muqdisho,https://sntv.so/2026/01/07/bannaanbax-ay-culimada-soomaaliyeed-soo-abaabuleen-oo-ka-socda-muqdisho/,1 = Real News
https://sntv.so,dowladda soomaaliya oo cambaareysay socdaalka wasiirka arrimaha dibadda isreal ee hargeysa,dowladda soomaaliya oo cambaareysay socdaalka wasiirka arrimaha dibadda isreal ee hargeysa,https://sntv.so/2026/01/06/dowladda-soomaaliya-oo-cambaareysay-socdaalka-wasiirka-arrimaha-dibadda-isreal-ee-hargeysa/,1 = Real News
https://sntv.so,wafdi ballaaran oo ka socday dowladda turkiga ayaa maanta soo gaaray muqdisho,wafdi ballaaran oo ka socday dowladda turkiga ayaa maanta soo gaaray muqdisho,https://sntv.so/2026/01/06/wafdi-ballaaran-oo-ka-socday-dowladda-turkiga-ayaa-maanta-soo-gaaray-muqdisho/,1 = Real News
https://sntv.so,ciidanka xoogga dalka oo howlgal ka dhacay gedo ku dilay dhagarqabayaal,ciidanka xoogga dalka oo howlgal ka dhacay gedo ku dilay dhagarqabaya,https://sntv.so/2026/01/06/ciidanka-xoogga-dalka-oo-howlgal-ka-dhacay-gedo-ku-dilay-dhagarqabayaal/,1 = Real News
https://sntv.so,madaxwaynaha qaranka oo guddoomiyey shirka golaha wasiirada oo arrimo muhiim ah looga hadlay,madaxwaynaha qaranka oo guddoomiyey shirka golaha wasiirada oo arrimo muhiim ah looga hadlay,https://sntv.so/2026/01/06/madaxwaynaha-qaranka-oo-guddoomiyey-shirka-golaha-wasiirada-oo-arrimo-muhiim-ah-looga-hadlay/,1 = Real News
https://sntv.so,tweets by sntvnews,tweet sntvnew,https://twitter.com/sntvnews1?ref_src=twsrc%5Etfw,1 = Real News
https://sntv.so,qaabkee africa uga adkaan kartaa argagixisada,qaabke africa uga adkaan kartaa argagixisada,https://sntv.so/2022/10/15/qaabkee-africa-uga-adkaan-karaaa-argagixisada/,1 = Real News
https://sntv.so,akhriso warbixin kooban oo ku saabsan xaaaladihii ugu danbeeyey ee covid,akhriso warbixin kooban oo ku saabsan xaaaladihii ugu danbeeyey ee covid,https://sntv.so/2020/11/17/akhriso-warbixin-kooban-oo-ku-saabsan-xaaaladihii-ugu-danbeeyey-ee-covid19/,1 = Real News
https://sntv.so,if covid will change the world order turkey has the lead covid and the turkeys successful response,covid chang world order turkey lead covid turkey success respons,https://sntv.so/2020/06/04/if-covid-19-will-change-the-world-order-turkey-has-the-lead-covid-19-and-the-turkeys-successful-response/,1 = Real News
https://sntv.so,xeer soomaaligii hore iyo xeerarka casriga ee dalka maxay ku kala duwanyihiin maxayse isaga mid yihiin avv dahir mohamed ali,xeer soomaaligii hore iyo xeerarka casriga ee dalka maxay ku kala duwanyihiin maxays isaga mid yihiin avv dahir moham ali,https://sntv.so/2020/03/03/xeer-soomaaligii-hore-iyo-xeerarka-casriga-ee-dalka-maxay-ku-kala-duwanyihiin-maxayse-isaga-mid-yihiin-avv-dahir-mohamed-ali/,1 = Real News
https://sntv.so,adeegsiga baraha bulshada oo ah mel ay ku kulman dadyoowga caalamka ku kala nool,adeegsiga baraha bulshada oo ah mel ay ku kulman dadyoowga caalamka ku kala nool,https://sntv.so/2020/02/15/adeegsiga-baraha-bulshada-oo-ah-mel-ay-ku-kulman-dadyoowga-caalamka-ku-kala-nool/,1 = Real News
https://sntv.so,donald trump oo ku hanjabay in dowladiisu weerari doonto goobood oo iiraan leedahay,donald trump oo ku hanjabay dowladiisu weerari doonto goobood oo iiraan leedahay,https://sntv.so/2020/01/05/donald-trump-oo-ku-hanjabay-in-dowladiisu-weerari-doonto-52-goobood-oo-iiraan-leedahay/,1 = Real News
https://sntv.so,muse abdullahi cirro,muse abdullahi cirro,https://sntv.so/author/kaahiye/,1 = Real News
https://sntv.so,wasiirka waxbarashada xfs oo la kulmay agaasimaha guud ee sanduuqa horumarinta qadar,wasiirka waxbarashada xf oo la kulmay agaasimaha guud ee sanduuqa horumarinta qadar,https://sntv.so/2023/05/19/wasiirka-waxbarashada-xfs-oo-la-kulmay-agaasimaha-guud-ee-sanduuqa-horumarinta-qadar/,1 = Real News
https://sntv.so,magaalada nirobi oo lagu soo gabagabeeyay shir la xiriiray dib u dhiska magaalooyinka dalka sawirro,magaalada nirobi oo lagu soo gabagabeeyay shir la xiriiray dib u dhiska magaalooyinka dalka sawirro,https://sntv.so/2023/05/19/magaalada-nirobi-oo-lagu-soo-gabagabeeyay-shir-la-xiriiray-dib-u-dhiska-magaalooyinka-dalka-sawirro/,1 = Real News
https://sntv.so,wasaaradda waxbarashada iyo tacliinta sare oo ku howlan wax u qabashada ardaydii ka soo cararay suudaan,wasaaradda waxbarashada iyo tacliinta sare oo ku howlan wax u qabashada ardaydii ka soo cararay suudaan,https://sntv.so/2023/05/19/wasaaradda-waxbarashada-iyo-tacliinta-sare-oo-ku-howlan-wax-u-qabashada-ardaydii-ka-soo-cararay-suudaan/,1 = Real News
https://sntv.so,shirka wadamada g oo maanta ka furmaya dalka jabaan,shirka wadamada g oo maanta ka furmaya dalka jabaan,https://sntv.so/2023/05/19/shirka-wadamada-g-7-oo-maanta-ka-furmaya-dalka-jabaan/,1 = Real News
https://sntv.so,madaxweynaha jamhuuriyadda oo warqadaha aqoonsiga ka guddoomay safiirrada cusub ee dalalka jabuuti kanada iyo kuubba,madaxweynaha jamhuuriyadda oo warqadaha aqoonsiga ka guddoomay safiirrada cusub ee dalalka jabuuti kanada iyo kuubba,https://sntv.so/2023/04/04/madaxweynaha-jamhuuriyadda-oo-warqadaha-aqoonsiga-ka-guddoomay-safiirrada-cusub-ee-dalalka-jabuuti-kanada-iyo-kuubba/,1 = Real News
https://sntv.so,dhageyso sheekh bashiir oo khudbadii jimcaha uga hadlay fadliga bishaan iyo dhalashada sanadka cudub ee hijriga,dhageyso sheekh bashiir oo khudbadii jimcaha uga hadlay fadliga bishaan iyo dhalashada sanadka cudub ee hijriga,https://sntv.so/2021/08/13/dhageyso-sheekh-salaad-oo-khudbadii-jimcaha-uga-hadlay-fadliga-bishaan-iyo-dhalashada-sanadka-cudub-ee-hijriga/,1 = Real News
https://sntv.so,akhriso maxaad kala socotaa saynisyahanadii iiraan ee la dilay,akhriso maxaad kala socotaa saynisyahanadii iiraan ee la dilay,https://sntv.so/2020/11/30/akhriso-maxaad-kala-socotaa-saynisyahanadii-iiraan-ee-la-dilay/,1 = Real News
https://sntv.so,akhriso macallinka waa musbaaxa dunidawarbixin,akhriso macallinka waa musbaaxa dunidawarbixin,https://sntv.so/2020/11/21/akhriso-macallinka-waa-musbaaxa-dunida-warbixin/,1 = Real News
https://sntv.so,daawo shugri calow oo u sharaxan guddoonka deegaan king county gobolka washington oo minnesota lagu soo dhaweeyaymuuqaal,daawo shugri calow oo u sharaxan guddoonka deegaan king counti gobolka washington oo minnesota lagu soo dhaweeyaymuuqa,https://sntv.so/2020/11/20/daawo-shugri-calow-oo-u-sharaxan-guddoonka-deegaan-king-county-gobolka-washington-oo-minnesota-lagu-soo-dhaweeyaymuuqaal/,1 = Real News
https://sntv.so,daawo soo laba kacleynta cudurka covid iyo saameynta uu ku yeeshay caruurta qoysaska barakacayaasha ahwarbixin muuqaal,daawo soo laba kacleynta cudurka covid iyo saameynta uu ku yeeshay caruurta qoysaska barakacayaasha ahwarbixin muuqaal,https://sntv.so/2020/11/20/daawo-soo-laba-kacleynta-cudurka-covid-19-iyo-saameynta-uu-ku-yeeshay-caruurta-qoysaska-barakacayaasha-ahwarbixin-muuqaal/,1 = Real News
https://sntv.so,garnaqsi xorriyadda saxaafadda iyo xaqiiqda hortaalla,garnaqsi xorriyadda saxaafadda iyo xaqiiqda hortaalla,https://sntv.so/2020/09/02/garnaqsi-xorriyadda-saxaafadda-iyo-xaqiiqda-hortaalla/,1 = Real News
https://sntv.so,dowladda nigeria oo aqbashay safiirka cusub ee soomaaliya u fadhin doona dalkaasisawirro,dowladda nigeria oo aqbashay safiirka cusub ee soomaaliya u fadhin doona dalkaasisawirro,https://sntv.so/2020/08/26/dowladda-nigeria-oo-aqbashay-safiirka-cusub-ee-soomaaliya-u-fadhin-doona-dalkaasi-sawirro/,1 = Real News
https://sntv.so,daawo barnaamijka weydii dhakhtarka oo marti uu ku yahay dr axmad fartaag oo ka howlgala isbitaalka tamaam,daawo barnaamijka weydii dhakhtarka oo marti uu ku yahay dr axmad fartaag oo ka howlgala isbitaalka tamaam,https://sntv.so/2025/02/21/daawo-barnaamijka-weydii-dhakhtarka-oo-marti-uu-ku-yahay-dr-axmad-fartaag-oo-ka-howlgala-isbitaalka-tamaam/,1 = Real News
https://sntv.so,wasiirka cusub ee wasaaradda arimaha gudaha oo kormeer shaqo ku tahay xarunta nira,wasiirka cusub ee wasaaradda arimaha gudaha oo kormeer shaqo ku tahay xarunta nira,https://sntv.so/2024/04/20/wasiirka-cusub-ee-wasaaradda-arimaha-gudaha-oo-kormeer-shaqo-ku-tahay-xarunta-nira/,1 = Real News
https://sntv.so,hayadda qaxootiga iyo barakacyaasha oo soosaaartay digniino ku wajahan barakacyaasha qaxootiga iyo dadka nugul,hayadda qaxootiga iyo barakacyaasha oo soosaaartay digniino ku wajahan barakacyaasha qaxootiga iyo dadka nugul,https://sntv.so/2024/04/18/hayadda-qaxootiga-iyo-barakacyaasha-oo-soosaaartay-digniino-ku-wajahan-barakacyaasha-qaxootiga-iyo-dadka-nugul/,1 = Real News
https://sntv.so,la xisaabtanka hannaanka maaliyadeed ee barlamaannada dalka oo laga hadlay dhageyso,la xisaabtanka hannaanka maaliyade ee barlamaannada dalka oo laga hadlay dhageyso,https://sntv.so/2021/04/07/la-xisaabtanka-hannaanka-maaliyadeed-ee-barlamaannada-dalka-oo-laga-hadlay-dhageyso/,1 = Real News
https://sntv.so,waxaa dib loo dhigey ciyaarta finalka ee galmudug iyo hirshabeele,waxaa dib loo dhigey ciyaarta finalka ee galmudug iyo hirshabeel,https://sntv.so/2024/01/26/waxaa-dib-loo-dhigey-ciyaarta-finalka-ee-galmudug-iyo-hirshabeele/,1 = Real News
https://sntv.so,xiriirka kubadda cagta jfs oo sheegay in dib loo dhigay jadwalka,xiriirka kubadda cagta jf oo sheegay dib loo dhigay jadwalka,https://sntv.so/2023/12/30/xiriirka-kubadda-cagta-jfs-oo-sheegay-in-dib-loo-dhigay-jadwalka/,1 = Real News
https://sntv.so,soomaaliya oo ka qeyb galeysa tartanka pan african schools championship,soomaaliya oo ka qeyb galeysa tartanka pan african school championship,https://sntv.so/2023/12/10/soomaaliya-oo-ka-qeyb-galeysa-tartanka-pan-african-schools-championship-2023/,1 = Real News
https://sntv.so,naadiyaasha kubbada cagta ee dekadaha iyo gaadiidka oo u safray magaalada baydhabo,naadiyaasha kubbada cagta ee dekadaha iyo gaadiidka oo u safray magaalada baydhabo,https://sntv.so/2023/12/04/naadiyaasha-kubbada-cagta-ee-dekadaha-iyo-gaadiidka-oo-u-safray-magaalada-baydhabo/,1 = Real News
https://sntv.so,soomaaliya oo door weyn ka qaadatay bandhigga ciyaaraha diblomaasiyiinta oo lagu qabtay beijing,soomaaliya oo door weyn ka qaadatay bandhigga ciyaaraha diblomaasiyiinta oo lagu qabtay beij,https://sntv.so/2023/05/13/soomaaliya-oo-door-weyn-ka-qaadatay-bandhigga-ciyaaraha-diblomaasiyiinta-2023-oo-lagu-qabtay-beijing/,1 = Real News
https://sntv.so,xulka qarankeena oo u gudbay finalka jirada koobka bariga iyo bartamaha africa,xulka qarankeena oo u gudbay finalka jirada koobka bariga iyo bartamaha africa,https://sntv.so/2022/10/12/xulka-qarankeena-soomaaliya-ayaa-u-gudbay-final-ka-17-jirada-koobka-bariga-iyo-bartamaha-africa/,1 = Real News
https://sntv.so,cayaartooyda hayland oo ka soo dagay garoonka aadan cabdulle,cayaartooyda hayland oo ka soo dagay garoonka aadan cabdul,https://sntv.so/2021/08/29/cayaartooyda-hayland-oo-ka-soo-dagay-garoonka-aadan-cabdulle/,1 = Real News
https://sntv.so,cristinano ronaldo oo dib ugu laabanaya manchester united,cristinano ronaldo oo dib ugu laabanaya manchest unit,https://sntv.so/2021/08/28/cristinano-ronaldo-oo-dib-ugu-laabanaya-manchester-united/,1 = Real News
https://sntv.so,tababaraha juventus oo ka hadlay tagitaanka ronaldo,tababaraha juventu oo ka hadlay tagitaanka ronaldo,https://sntv.so/2021/08/27/tababaraha-juventus-oo-ka-hadlay-tagitaanka-ronaldo/,1 = Real News
https://sntv.so,cayaar kubadda cagta ah oo lagu kala yaacay kadib markii garsoorihii la soo baxay bastoolad,cayaar kubadda cagta ah oo lagu kala yaacay kadib markii garsoorihii la soo baxay bastoolad,https://sntv.so/2021/08/22/cayaar-kubadda-cagta-ah-oo-lagu-kala-yaacay-kadib-markii-garsoorihii-la-soo-baxay-bastoolad/,1 = Real News
https://sntv.so,ergayga gurmadka abaaraha oo canada kala hadlay kordhinta gurmadka looga jawaabayo abaaraha ka jira soomaaliya,ergayga gurmadka abaaraha oo canada kala hadlay kordhinta gurmadka looga jawaabayo abaaraha ka jira soomaaliya,https://sntv.so/2022/09/28/ergayga-gurmadka-abaaraha-oo-canada-kala-hadlay-kordhinta-gurmadka-looga-jawaabayo-abaaraha-ka-jira-soomaaliya/,1 = Real News
https://sntv.so,daawomaxaa iska bedelay ciyaaraha ama madadaalada caruurta gaar ahaan gabdhaha dadoodu ka yartahay ka sano,daawomaxaa iska bedelay ciyaaraha ama madadaalada caruurta gaar ahaan gabdhaha dadoodu ka yartahay ka sano,https://sntv.so/2022/08/15/daawomaxaa-iska-bedelay-ciyaaraha-ama-madadaalada-caruurta-gaar-ahaan-gabdhaha-dadoodu-ka-yartahay-10-ka-sano/,1 = Real News
https://sntv.so,daawointabadan goobaha ganacsi ee gubta waxaa yaalla oo dabku halakeeyaa lacago kaash ah iyadoo dunida casri isku bedeshay haddaba sidee looga gudbi karaa,daawointabadan goobaha ganacsi ee gubta waxaa yaalla oo dabku halakeeyaa lacago kaash ah iyadoo dunida casri isku bedeshay haddaba side looga gudbi karaa,https://sntv.so/2022/05/31/daawointabadan-goobaha-ganacsi-ee-gubta-waxaa-yaalla-oo-dabku-halakeeyaa-lacago-kaash-ah-iyadoo-dunida-casri-isku-bedeshay-haddaba-sidee-looga-gudbi-karaa/,1 = Real News
https://sntv.so,sawirroergayga gaarka ah ee arimaha gurmadka abaaraha oo kulan maanta la yeeshay safiirka dowladda imaaradka carabta ee soomaaliya,sawirroergayga gaarka ah ee arimaha gurmadka abaaraha oo kulan maanta la yeeshay safiirka dowladda imaaradka carabta ee soomaaliya,https://sntv.so/2022/05/30/sawirroergayga-gaarka-ah-ee-arimaha-gurmadka-abaaraha-oo-kulan-maanta-la-yeeshay-safiirka-dowladda-imaaradka-carabta-ee-soomaaliya/,1 = Real News
https://sntv.so,ergayga gaarka ah madaxweynaha soomaaliya u qaabilsan arrimaha gurmadka abaaraha iyo wasiirada gargaarka dowladd goboleedyada oo kulmay,ergayga gaarka ah madaxweynaha soomaaliya u qaabilsan arrimaha gurmadka abaaraha iyo wasiirada gargaarka dowladd goboleedyada oo kulmay,https://sntv.so/2022/05/29/ergayga-gaarka-ah-madaxweynaha-soomaaliya-u-qaabilsan-arrimaha-gurmadka-abaaraha-iyo-wasiirada-gargaarka-dowladd-goboleedyada-oo-kulmay/,1 = Real News
https://www.garoweonline.com/index.php/so,stc leader alzubaidi fled yemen to uae via somaliland saudiled coalition says,stc leader alzubaidi fled yemen uae via somaliland saudil coalit say,https://www.garoweonline.com/index.php/en/news/world/stc-leader-al-zubaidi-fled-yemen-to-uae-via-somaliland-saudi-led-coalition-says,1 = Real News
https://www.garoweonline.com/index.php/so,opinion sovereignty snafu somalia israel and somalilands diplomatic dance,opinion sovereignti snafu somalia israel somaliland diplomat danc,https://www.garoweonline.com/index.php/en/opinions/opinion-sovereignty-snafu-somalia-israel-and-somaliland-s-diplomatic-dance,1 = Real News
https://www.garoweonline.com/index.php/so,trump brokers israelsyria security pact to deescalate border tensions,trump broker israelsyria secur pact deescal border tension,https://www.garoweonline.com/index.php/en/news/world/trump-brokers-israel-syria-security-pact-to-de-escalate-border-tensions,1 = Real News
https://www.garoweonline.com/index.php/so,deadly landmine in central somalia leaves civilians dead,deadli landmin central somalia leav civilian dead,https://www.garoweonline.com/index.php/en/news/somalia/deadly-landmine-in-central-somalia-leaves-civilians-dead,1 = Real News
https://www.garoweonline.com/index.php/so,india rejects claims of talks with somaliland denies any move toward recognition,india reject claim talk somaliland deni move toward recognit,https://www.garoweonline.com/index.php/en/news/somalia/india-rejects-claims-of-talks-with-somaliland-denies-any-move-toward-recognition,1 = Real News
https://www.garoweonline.com/index.php/so,puntland president accuses somaliland of of serious provocation,puntland presid accus somaliland seriou provoc,https://www.garoweonline.com/index.php/en/news/somaliland/puntland-president-accuses-somaliland-of-of-serious-provocation,1 = Real News
https://www.garoweonline.com/index.php/so,uhuru picks noordiin haji as the new director of public prosecution,uhuru pick noordiin haji new director public prosecut,https://www.garoweonline.com/index.php/en/world/africa/uhuru-picks-noordiin-haji-as-the-new-director-of-public-prosecution,1 = Real News
https://www.garoweonline.com/index.php/so,inside puntlands final push operation hilaac tightens grip on islamic state remnants,insid puntland final push oper hilaac tighten grip islam state remnant,https://www.garoweonline.com/index.php/en/news/puntland/inside-puntland-s-final-push-operation-hilaac-tightens-grip-on-islamic-state-remnants,1 = Real News
https://www.garoweonline.com/index.php/so,court in somalias galkayo sentences woman to death for killing of yearold girl,court somalia galkayo sentenc woman death kill yearold girl,https://www.garoweonline.com/index.php/en/news/puntland/court-in-somalia-s-galkayo-sentences-woman-to-death-for-killing-of-14-year-old-girl,1 = Real News
https://www.garoweonline.com/index.php/so,somalia puntland forces seize last isis hideout detain two somali fighters,somalia puntland forc seiz last isi hideout detain two somali fighter,https://www.garoweonline.com/index.php/en/news/puntland/somalia-puntland-forces-seize-last-isis-hideout-detain-two-somali-fighters,1 = Real News
https://www.garoweonline.com/index.php/so,travelers warned puntland flags major security flaws in somalias evisa system,travel warn puntland flag major secur flaw somalia evisa system,https://www.garoweonline.com/index.php/en/news/puntland/travelers-warned-puntland-flags-major-security-flaws-in-somalia-s-e-visa-system,1 = Real News
https://www.garoweonline.com/index.php/so,when global rules weakened somaliland and indias perspective,global rule weaken somaliland india perspect,https://www.garoweonline.com/index.php/en/news/world/when-global-rules-weakened-somaliland-and-india-s-perspective,1 = Real News
https://www.garoweonline.com/index.php/so,jrgen klopp announces decision to step down as liverpool manager at end of season,jrgen klopp announc decis step liverpool manag end season,https://www.garoweonline.com/index.php/en/news/sports/jrgen-klopp-announces-decision-to-step-down-as-liverpool-manager-at-end-of-season,1 = Real News
https://www.garoweonline.com/index.php/so,mo farah finishes th in final competitive race of career,mo farah finish th final competit race career,https://www.garoweonline.com/index.php/en/news/sports/mo-farah-finishes-4th-in-final-competitive-race-of-career,1 = Real News
https://www.garoweonline.com/index.php/so,over journalists trained by nusoj and niebc on election coverage journalist safety and countering disinformation,journalist train nusoj niebc elect coverag journalist safeti counter disinform,https://www.garoweonline.com/index.php/en/news/press-releases/over-100-journalists-trained-by-nusoj-and-niebc-on-election-coverage-journalist-safety-and-countering-disinformation,1 = Real News
https://www.garoweonline.com/index.php/so,successful days of activism culminates in an inspiring human rights colloquium with nusoj deepening its gender justice crusade,success day activ culmin inspir human right colloquium nusoj deepen gender justic crusad,https://www.garoweonline.com/index.php/en/news/press-releases/successful-16-days-of-activism-culminates-in-an-inspiring-human-rights-colloquium-with-nusoj-deepening-its-gender-justice-crusade,1 = Real News
https://www.garoweonline.com/index.php/so,somalia marks international day to end impunity for crimes against journalists with strong calls for justice accountability and protection of women journalists,somalia mark intern day end impun crime journalist strong call justic account protect women journalist,https://www.garoweonline.com/index.php/en/news/press-releases/somalia-marks-international-day-to-end-impunity-for-crimes-against-journalists-with-strong-calls-for-justice-accountability-and-protection-of-women-journalists,1 = Real News
https://www.garoweonline.com/index.php/so,eu au human rights dialogue hears strong civil society warning on rights repression,eu au human right dialogu hear strong civil societi warn right repress,https://www.garoweonline.com/index.php/en/news/press-releases/eu-au-human-rights-dialogue-hears-strong-civil-society-warning-on-rights-repression,1 = Real News
https://www.garoweonline.com/index.php/so,no democracy without media freedom in somalia nusoj says,democraci without media freedom somalia nusoj say,https://www.garoweonline.com/index.php/en/news/press-releases/no-democracy-without-media-freedom-in-somalia-nusoj-says,1 = Real News
https://www.garoweonline.com/index.php/so,somaliland president expected to visit qatar for talks revival sources,somaliland presid expect visit qatar talk reviv sourc,https://www.garoweonline.com/index.php/en/news/somaliland/somaliland-president-expected-to-visit-qatar-for-talks-revival-sources,1 = Real News
https://www.garoweonline.com/index.php/so,somaliland denounces somali pms visit to lasanod as blatant violation and act of aggression,somaliland denounc somali pm visit lasanod blatant violat act aggress,https://www.garoweonline.com/index.php/en/news/somaliland/somaliland-denounces-somali-pm-s-visit-to-lasanod-as-blatant-violation-and-act-of-aggression,1 = Real News
https://www.garoweonline.com/index.php/so,somalia end of era as muse bihi loses in somaliland election,somalia end era muse bihi lose somaliland elect,https://www.garoweonline.com/index.php/en/news/somaliland/somalia-end-of-era-as-muse-bihi-loses-in-somaliland-election,1 = Real News
https://www.garoweonline.com/index.php/so,somalia tunisian isis fighter killed in puntland as foreign militants flee military operations,somalia tunisian isi fighter kill puntland foreign milit flee militari oper,https://www.garoweonline.com/index.php/en/news/puntland/tunisian-isis-fighter-killed-in-puntland-as-foreign-militants-flee-military-operations,1 = Real News
https://www.garoweonline.com/index.php/so,villa somalias antialshabaab campaign strategy or overshadowing puntlands is fight,villa somalia antialshabaab campaign strategi overshadow puntland fight,https://www.garoweonline.com/index.php/en/editorial/villa-somalia-s-anti-al-shabaab-campaign-strategy-or-overshadowing-puntland-s-is-fight,1 = Real News
https://somalistream.com/som,xog soomaaliya oo tallaabo ka qaaday imaaraadka,xog soomaaliya oo tallaabo ka qaaday imaaraadka,https://somalistream.com/som/2026/01/08/xog-soomaaliya-oo-tallaabo-ka-qaaday-imaaraadka/,1 = Real News
https://somalistream.com/som,sucuudiga oo dhexdhexaadinaya dhinacyada soomaalida,sucuudiga oo dhexdhexaadinaya dhinacyada soomaalida,https://somalistream.com/som/2026/01/05/sucuudiga-oo-dhexdhexaadinaya-dhinacyada-soomaalida/,1 = Real News
https://somalistream.com/som,xog gaar ah isbddal lagu sameeynayo xubno ka tirsan golaha wasiirada,xog gaar ah isbddal lagu sameeynayo xubno ka tirsan golaha wasiirada,https://somalistream.com/som/2025/12/31/exclusive-madaxda-dowladda-federaalka-ah-ayaa-goaansatay-inay-sameeyaan-isbeddel-xukuumad-oo-sal-balaadhan/,1 = Real News
https://somalistream.com/som,puntland oo qabatay doon qaraxyo iyo ajaanib sida,puntland oo qabatay doon qaraxyo iyo ajaanib sida,https://somalistream.com/som/2025/12/13/puntland-oo-qabatay-doon-qaraxyo-iyo-ajaanib-sida/,1 = Real News
https://somalistream.com/som,itoobiya ma aqoonsanaysaa somaliland,itoobiya aqoonsanaysaa somaliland,https://somalistream.com/som/2025/12/31/itoobiya-ma-aqoonsanaysaa-somaliland/,1 = Real News
https://somalistream.com/som,warbixinno gaar ah,warbixinno gaar ah,https://somalistream.com/som/category/warbixinno-gaar-ah/,1 = Real News
https://somalistream.com/som,dagaalka saaxiibbada xiisadda sucuudiga iyo imaaraadka ee yemen,dagaalka saaxiibbada xiisadda sucuudiga iyo imaaraadka ee yemen,https://somalistream.com/som/2025/12/30/dagaalka-saaxiibbada-xiisadda-sucuudiga-iyo-imaaraadka-ee-yemen/,1 = Real News
https://somalistream.com/som,madaxweyne xasan sheekh oo ka mahadceliyey garabistaagga turkiga,madaxweyn xasan sheekh oo ka mahadceliyey garabistaagga turkiga,https://somalistream.com/som/2025/12/30/madaxweyne-xasan-sheekh-oo-ka-mahadceliyey-garab-istaagga-turkiga/,1 = Real News
https://somalistream.com/som,maxaa shidaalka soomaaliya loo diidan yahay,maxaa shidaalka soomaaliya loo diidan yahay,https://somalistream.com/som/2025/12/30/maxaa-shidaalka-soomaaliya-loo-diidan-yahay/,1 = Real News
https://somalistream.com/som,israaiil oo noqotay dalka uga badan ee weerar ka fuliyay dalal kale,israaiil oo noqotay dalka uga badan ee weerar ka fuliyay dalal kale,https://somalistream.com/som/2025/12/29/israaiil-oo-noqotay-dalka-uga-badan-ee-weerar-ka-fuliyay-dalka-kale/,1 = Real News
https://somalistream.com/som,madaxweynaha iiraan maraykanka israaiil iyo yurub waxay iiraan kula jiraan dagaal buuxa,madaxweynaha iiraan maraykanka israaiil iyo yurub waxay iiraan kula jiraan dagaal buuxa,https://somalistream.com/som/2025/12/28/madaxweynaha-iiraan-maraykanka-israaiil-iyo-yurub-waxay-iiraan-kula-jiraan-dagaal-buuxa/,1 = Real News
https://somalistream.com/som,aqoonsiga siyaasadeed iyo kalagoida dowladaha,aqoonsiga siyaasade iyo kalagoida dowladaha,https://somalistream.com/som/2025/12/26/aqoonsiga-siyaasadeed-iyo-kala-goida-dowladaha/,1 = Real News
https://somalistream.com/som,xog maxaa ka jira aqoonsiga somaliland,xog maxaa ka jira aqoonsiga somaliland,https://somalistream.com/som/2025/12/26/xog-maxaa-ka-jira-aqoonsiga-somaliland/,1 = Real News
https://somalistream.com/som,qm xannibaadda badeed ee maraykanka ku hayo venezuela waa weerar sharcidarro ah,qm xannibaadda bade ee maraykanka ku hayo venezuela waa weerar sharcidarro ah,https://somalistream.com/som/2025/12/25/qm-xannibaadda-badeed-ee-maraykanka-ku-hayo-venezuela-waa-weerar-sharci-darro-ah/,1 = Real News
https://somalistream.com/som,imaam caan ah oo ka howlgeli jiray ohio oo ku geeriyooday xabsi ay maamusho ice,imaam caan ah oo ka howlg jiray ohio oo ku geeriyooday xabsi ay maamusho ice,https://somalistream.com/som/2025/12/24/imaam-caan-ah-oo-ka-howlgeli-jiray-ohio-oo-ku-geeriyooday-xabsi-ay-maamusho-ice/,1 = Real News
https://somalistream.com/som,iran iyo israaiil oo dagaal kudhow,iran iyo israaiil oo dagaal kudhow,https://somalistream.com/som/2025/12/23/iran-iyo-israaiil-oo-dagaal-kudhow/,1 = Real News
https://somalistream.com/som,trump oo xilkii ka qaaday danjirihii maraykanka ee soomaaliya u joogay,trump oo xilkii ka qaaday danjirihii maraykanka ee soomaaliya u joogay,https://somalistream.com/som/2025/12/22/trump-oo-xilkii-ka-qaaday-danjirihii-maraykanka-ee-soomaaliya-u-joogay/,1 = Real News
https://somalistream.com/som,iskaashiga maraykanka iyo soomaaliya fiqi iyo furitaanka bog cusub oo wadashaqeyn amni ah,iskaashiga maraykanka iyo soomaaliya fiqi iyo furitaanka bog cusub oo wadashaqeyn amni ah,https://somalistream.com/som/2025/05/07/iskaashiga-maraykanka-iyo-soomaaliya-fiqi-iyo-furitaanka-bog-cusub-oo-wada-shaqeyn-amni-ah/,1 = Real News
https://somalistream.com/som,beddelka iskubeddelka kalabeddelka iyo loobeddeleyda wasiirada soomaaliya ma keenayaan isbeddel dhab ah,beddelka iskubeddelka kalabeddelka iyo loobeddeleyda wasiirada soomaaliya keenayaan isbeddel dhab ah,https://somalistream.com/som/2025/04/28/beddelka-isku-beddelka-kala-beddelka-iyo-loo-beddeleyda-wasiirada-soomaaliya-ma-keenayaan-is-beddel-dhab-ah/,1 = Real News
https://somalistream.com/som,taariikhdii jenaraal axmed saleebaan dafle aasaasihii hayadda sirdoonka qaranka,taariikhdii jenara axm saleebaan dafl aasaasihii hayadda sirdoonka qaranka,https://somalistream.com/som/2025/04/11/taariikhdii-jenaraal-axmed-saleebaan-dafle-aasaasihii-hayadda-sirdoonka-qaranka/,1 = Real News
https://somalistream.com/som,muxuu danjiraha maraykanku u dhiibay madaxweyne xasan kulankii ay ku yeesheen xerada xalane,muxuu danjiraha maraykanku u dhiibay madaxweyn xasan kulankii ay ku yeesheen xerada xalan,https://somalistream.com/som/2025/04/08/muxuu-danjiraha-maraykanku-u-dhiibay-madaxweyne-xasan-kulankii-ay-ku-yeesheen-xerada-xalane/,1 = Real News
https://somalistream.com/som,muxuu yahay nuxurka warsaxaafdeedka beesha caalamka ee gogosha ay fidisay madaxtooyadu,muxuu yahay nuxurka warsaxaafdeedka beesha caalamka ee gogosha ay fidisay madaxtooyadu,https://somalistream.com/som/2025/04/07/muxuu-yahay-nuxurka-warsaxaafdeedka-beesha-caalamka-ee-gogosha-ay-fidisay-madaxtooyadu/,1 = Real News
https://somalistream.com/som,aljazeera evisaha soomaaliya aamin maaha,aljazeera evisaha soomaaliya aamin maaha,https://somalistream.com/som/2025/12/18/aljazeera-e-visa-ha-soomaaliya-aamin-maaha/,1 = Real News
https://somalistream.com/som,turkiga oo badda madow uga digay ruushka iyo ukraine,turkiga oo badda madow uga digay ruushka iyo ukrain,https://somalistream.com/som/2025/12/18/turkiga-oo-badda-madow-uga-digay-ruushka-iyo-ukraine/,1 = Real News
https://somalistream.com/som,reer yurub oo ruushka lacag laga qabsaday yukraynta laqabsaday siinaya,reer yurub oo ruushka lacag laga qabsaday yukraynta laqabsaday siinaya,https://somalistream.com/som/2025/12/18/reer-yurub-oo-ruushka-lacag-laga-qabsaday-yukraynta-laqabsaday-siinaya/,1 = Real News
https://somalistream.com/som,trump oo lix dal oo hor leh muwaadiniintooda ka xayiray socdaalka mareykanka,trump oo lix dal oo hor leh muwaadiniintooda ka xayiray socdaalka mareykanka,https://somalistream.com/som/2025/12/17/trump-oo-lix-dal-oo-hor-leh-muwaadiniintooda-ka-xayirey-socdaalka-mareykanka/,1 = Real News
https://somalistream.com/som,cafeteria ma goob buuq iyo sawaxan mise waa goob nasiino,cafeteria goob buuq iyo sawaxan mise waa goob nasiino,https://somalistream.com/som/2025/12/15/cafeteria-ma-goob-buuq-iyo-sawaxan-mise-waa-goob-nasiino/,1 = Real News
https://somalistream.com/som,tabaarak shirkadii ict soomaaliyeed ugu horraysay oo hesha shahaadada iso,tabaarak shirkadii ict soomaaliye ugu horraysay oo hesha shahaadada iso,https://somalistream.com/som/2025/12/22/tabaarak-shirkadii-ict-soomaaliyeed-ugu-horraysay-oo-hesha-shahaadada-iso-90012015/,1 = Real News
https://somalistream.com/som,maraykanka masar qatar iyo turkiga ayaa ka digey weerarada israaiil ay wa wado qasa,maraykanka masar qatar iyo turkiga ayaa ka digey weerarada israaiil ay wa wado qasa,https://somalistream.com/som/2025/12/21/maraykanka-masar-qatar-iyo-turkiga-ayaa-ka-digey-weerarada-israaiil-ay-wa-wado-qasa/,1 = Real News
https://somalistream.com/som,maraynkanka oo weerarka venezuela u qalab qaadanaya,maraynkanka oo weerarka venezuela u qalab qaadanaya,https://somalistream.com/som/2025/12/20/maraynkanka-oo-weerarka-venezuela-u-qalab-qaadanaya/,1 = Real News
https://somalistream.com/som,booqashada madaxweynaha faransiiska ee abu dhabi loollanka geeska iyo gobolka badda cas,booqashada madaxweynaha faransiiska ee abu dhabi loollanka geeska iyo gobolka badda ca,https://somalistream.com/som/2025/12/19/booqashada-madaxweynaha-faransiiska-ee-abu-dhabi-loollanka-geeska-iyo-gobolka-badda-cas/,1 = Real News
https://somalistream.com/som,axmed al axmed halyeygii joojiyay weerarkii australia oo lagu abaalmariyay milyan,axm al axm halyeygii joojiyay weerarkii australia oo lagu abaalmariyay milyan,https://somalistream.com/som/2025/12/19/axmed-al-axmed-halyeygii-joojiyay-weerarkii-australia-oo-lagu-abaalmariyay-2-5-milyan/,1 = Real News
https://somalistream.com/som,maxaa sababay hoos u dhaca qiimaha diyaaradaha ee muqdisho iyo nairobi,maxaa sababay hoo u dhaca qiimaha diyaaradaha ee muqdisho iyo nairobi,https://somalistream.com/som/2025/10/28/maxaa-sababay-hoos-u-dhaca-qiimaha-diyaaradaha-ee-muqdisho-iyo-nairobi/,1 = Real News
https://somalistream.com/som,xiisad dhaqaale oo cusub mareykan iyo shiinaha,xiisad dhaqaal oo cusub mareykan iyo shiinaha,https://somalistream.com/som/2025/10/11/xiisad-dhaqaale-oo-cusub-mareykan-iyo-shiinaha/,1 = Real News
https://somalistream.com/som,burkino faso oo diiday soo jeedinta maraykanka,burkino faso oo diiday soo jeedinta maraykanka,https://somalistream.com/som/2025/10/10/burkino-faso-oo-diiday-soo-jeedinta-maraykanka/,1 = Real News
https://somalistream.com/som,ganacsade soomaaliyeed oo magaalo ka dhisaya dalka kenya,ganacsad soomaaliye oo magaalo ka dhisaya dalka kenya,https://somalistream.com/som/2025/10/10/ganacsade-soomaaliyeed-oo-magaalo-ka-dhisaya-dalka-kenya/,1 = Real News
https://somalistream.com/som,muxuu madaxweyne xasan sheekh uga baaqday shirka comesa ee nayroobi,muxuu madaxweyn xasan sheekh uga baaqday shirka comesa ee nayroobi,https://somalistream.com/som/2025/10/10/muxuu-madaxweyne-xasan-sheekh-uga-baaqday-shirka-comesa-ee-nayroobi/,1 = Real News
https://somalistream.com/som,maxaa ka dhex socda eritrea iyo ethiopia,maxaa ka dhex socda eritrea iyo ethiopia,https://somalistream.com/som/2025/10/09/maxaa-ka-dhex-socda-eritrea-iyo-ethiopia/,1 = Real News
https://somalistream.com/som,isral oo saaka duqaymo culus ka geysatay marinka qasa,isral oo saaka duqaymo culu ka geysatay marinka qasa,https://somalistream.com/som/2025/10/09/isra1l-oo-saaka-duqaymo-culus-ka-geysatay-marinka-qasa/,1 = Real News
https://somalistream.com/som,xog cusubciidan qarsoodi ah oo sweden ka joogo soomaaliya,xog cusubciidan qarsoodi ah oo sweden ka joogo soomaaliya,https://somalistream.com/som/2025/10/08/xog-cusubciidan-qarsoodi-ah-oo-sweden-ka-joogo-soomaaliya/,1 = Real News
https://somalistream.com/som,warbixin sir ah ruushka oo gacanta u galiyay diyaaradaha dagaal ee su,warbixin sir ah ruushka oo gacanta u galiyay diyaaradaha dagaal ee su,https://somalistream.com/som/2025/10/07/warbixin-sir-ah-ruushka-oo-gacanta-u-galiyay-diyaaradaha-dagaal-ee-su-35/,1 = Real News
https://somalistream.com/som,,,https://somalistream.com/som/2025/10/06/%f0%9d%90%97%f0%9d%90%a8%f0%9d%90%a0-%f0%9d%90%82%f0%9d%90%ae%f0%9d%90%ac%f0%9d%90%ae%f0%9d%90%9b-%f0%9d%90%92%f0%9d%90%a1%f0%9d%90%a2%f0%9d%90%ab%f0%9d%90%9a%f0%9d%90%ab-%f0%9d%90%b1%f0%9d%90%9a-3/,1 = Real News
https://somalistream.com/som,waxyeeladii koowaad ee ka dhalatay biyo xireenka itoobiya oo xiisad cusub abuurtay,waxyeeladii koowaad ee ka dhalatay biyo xireenka itoobiya oo xiisad cusub abuurtay,https://somalistream.com/som/2025/10/04/waxyeeladii-koowaad-ee-ka-dhalatay-biyo-xireenka-itoobiya-oo-xiisad-cusub-abuurtay/,1 = Real News
https://mmsomalitv.com,dhibcaha taariikhda,dhibcaha taariikhda,https://mmsomalitv.com/category/dhibcaha-taariikhda/,1 = Real News
https://mmsomalitv.com,nuurka islaamka,nuurka islaamka,https://mmsomalitv.com/category/nuurka-islaamka/,1 = Real News
https://mmsomalitv.com,barnaamijyo kale,barnaamijyo kale,https://mmsomalitv.com#,1 = Real News
https://mmsomalitv.com,may why are the presidents of the republic of somaliland traveling to african countries starting with djiboutienglish news,may presid republ somaliland travel african countri start djiboutienglish news,https://mmsomalitv.com/2025/05/21/why-are-the-presidents-of-the-republic-of-somaliland-traveling-to-african-countries-starting-with-djibouti-2/,1 = Real News
https://mmsomalitv.com,may why are the presidents of the republic of somaliland traveling to african countries starting with djiboutimmtv live tv,may presid republ somaliland travel african countri start djiboutimmtv live tv,https://mmsomalitv.com/2025/05/21/why-are-the-presidents-of-the-republic-of-somaliland-traveling-to-african-countries-starting-with-djibouti/,1 = Real News
https://mmsomalitv.com,march xog dhamaystiran oo ku saabsan lacagta solananews,march xog dhamaystiran oo ku saabsan lacagta solananew,https://mmsomalitv.com/2025/03/17/xog-dhamaystiran-oo-ku-saabsan-lacagta-solana/,1 = Real News
https://mmsomalitv.com,march shiinaha iyo ruushka oo taageero buuxda u muujiyey barnaamijka nukliyeerka ee iiraannews,march shiinaha iyo ruushka oo taageero buuxda u muujiyey barnaamijka nukliyeerka ee iiraannew,https://mmsomalitv.com/2025/03/15/shiinaha-iyo-ruushka-oo-taageero-buuxda-u-muujiyey-barnaamijka-nukliyeerka-ee-iiraan/,1 = Real News
https://mmsomalitv.com,march xiisaha looqabo in bitcoin la maalgashado oo hoos u dhacday bilihii u dambeeyeynews,march xiisaha looqabo bitcoin la maalgashado oo hoo u dhacday bilihii u dambeeyeynew,https://mmsomalitv.com/2025/03/15/xiisaha-looqabo-in-bitcoin-la-maalgashado-oo-hoos-u-dhacday-bilihii-u-dambeeyey/,1 = Real News
https://mmsomalitv.com,qiimaha dahabka oo hawada isku shareeray shidaalka oo jabay iyo suuqa cryptoda oo hoos u dhacay,qiimaha dahabka oo hawada isku shareeray shidaalka oo jabay iyo suuqa cryptoda oo hoo u dhacay,https://mmsomalitv.com/2025/03/14/qiimaha-dahabka-oo-hawada-isku-shareeray-shidaalka-oo-jabay-iyo-suuqa-crypto-da-oo-hoos-u-dhacay/,1 = Real News
https://mmsomalitv.com,ganacsatada waaweyn ee mareykanka oo ka digaaya dhaqaale burbur uu sababo trump,ganacsatada waaweyn ee mareykanka oo ka digaaya dhaqaal burbur uu sababo trump,https://mmsomalitv.com/2025/03/13/ganacsatada-waaweyn-ee-mareykanka-oo-ka-digaaya-dhaqaale-burbur-uu-sababo-trump/,1 = Real News
https://mmsomalitv.com,guryo duullaaya marka ay dareemaan dhul gariir oo wadanka japan hindisay,guryo duullaaya marka ay dareemaan dhul gariir oo wadanka japan hindisay,https://mmsomalitv.com/2025/03/13/guryo-duullaaya-marka-ay-dareemaan-dhul-gariir-oo-wadanka-japan-hindisay/,1 = Real News
https://mmsomalitv.com,muqdisho ilaa germany ilaa maxaa dhacay,muqdisho ilaa germani ilaa maxaa dhacay,https://mmsomalitv.com/2023/08/09/muqdisho-ilaa-germany-1966-ilaa-1970-maxaa-dhacay/,1 = Real News
https://mmsomalitv.com,sidee loo kordhin karaa waxsoosaarka beeraha si loo jabiyo faqriga iyo gaajada bulshada haysata,side loo kordhin karaa waxsoosaarka beeraha si loo jabiyo faqriga iyo gaajada bulshada haysata,https://mmsomalitv.com/2023/03/11/sidee-loo-kordhin-karaa-waxsoosaarka-beeraha-si-loo-jabiyo-faqriga-iyo-gaajada-bulshada-haysata/,1 = Real News
https://mmsomalitv.com,sidee fursadda rabadaanta uga faaiidaysan kartaa,side fursadda rabadaanta uga faaiidaysan kartaa,https://mmsomalitv.com/2025/03/01/sidee-fursadda-rabadaanta-uga-faaiidaysan-kartaa/,1 = Real News
https://radiomuqdisho.so/,nala soo xiriir,nala soo xiriir,https://radiomuqdisho.so/nala-soo-xiriir/,1 = Real News
https://radiomuqdisho.so/,soomaaliya iyo singapore oo ka wadahadlay arrimo muhiim ah,soomaaliya iyo singapor oo ka wadahadlay arrimo muhiim ah,https://radiomuqdisho.so/soomaaliya-iyo-singapore-oo-ka-wadahadlay-arrimo-muhiim-ah/,1 = Real News
https://radiomuqdisho.so/,khawaarij lagu laayey gobolka bay,khawaarij lagu laayey gobolka bay,https://radiomuqdisho.so/khawaarij-lagu-laayey-gobolka-bay/,1 = Real News
https://radiomuqdisho.so/,ciidanka xoogga iyo saaxiibada caalamka oo jubbada dhexe ku dilay maleeeshiyaad khawaarij ah,ciidanka xoogga iyo saaxiibada caalamka oo jubbada dhex ku dilay maleeeshiyaad khawaarij ah,https://radiomuqdisho.so/ciidanka-xoogga-iyo-saaxiibada-caalamka-oo-jubbada-dhexe-ku-dilay-maleeeshiyaad-khawaarij-ah/,1 = Real News
https://radiomuqdisho.so/,joint statement on the illegal visit of the israeli official to somaliland region of the federal republic of somalia on january,joint statement illeg visit isra offici somaliland region feder republ somalia januari,https://radiomuqdisho.so/joint-statement-on-the-illegal-visit-of-the-israeli-official-to-somaliland-region-of-the-federal-republic-of-somalia-on-6-january-2026/,1 = Real News
https://radiomuqdisho.so/,daawo madaxweynaha jfs oo ka hadlay xaaladda dalkeenna,daawo madaxweynaha jf oo ka hadlay xaaladda dalkeenna,https://radiomuqdisho.so/daawo-madaxweynaha-jfs-oo-ka-hadlay-xaaladda-dalkeenna/,1 = Real News
https://radiomuqdisho.so/,wasiir kuxigeenka qorsheynta xfs oo shir muhiim ah uga qeybgalay kuwait,wasiir kuxigeenka qorsheynta xf oo shir muhiim ah uga qeybgalay kuwait,https://radiomuqdisho.so/wasiir-ku-xigeenka-qorsheynta-xfs-oo-shir-muhiim-ah-uga-qeybgalay-kuwait/,1 = Real News
https://radiomuqdisho.so/,dibad bax ka dhan ah xadgudubka israiil oo ka socda muqdisho,dibad bax ka dhan ah xadgudubka israiil oo ka socda muqdisho,https://radiomuqdisho.so/dibad-bax-ka-dhan-ah-xadgudubka-israiil-oo-ka-socda-muqdisho/,1 = Real News
https://radiomuqdisho.so/,taliska booliska gobalka banaadir oo qabtay kulan looga hadlayay amniga caasimadda,taliska booliska gobalka banaadir oo qabtay kulan looga hadlayay amniga caasimadda,https://radiomuqdisho.so/taliska-booliska-gobalka-banaadir-oo-qabtay-kulan-looga-hadlayay-amniga-caasimadda/,1 = Real News
https://radiomuqdisho.so/,hayadda socdaalka oo soo saartay digniin adag,hayadda socdaalka oo soo saartay digniin adag,https://radiomuqdisho.so/hayadda-socdaalka-oo-soo-saartay-digniin-adag/,1 = Real News
https://radiomuqdisho.so/,wasiirka arrimaha dibedda masar iyo xoghayaha guud ee qm oo ka hadlay midnimada soomaaliya,wasiirka arrimaha dibedda masar iyo xoghayaha guud ee qm oo ka hadlay midnimada soomaaliya,https://radiomuqdisho.so/wasiirka-arrimaha-dibedda-masar-iyo-xoghayaha-guud-ee-qm-oo-ka-hadlay-midnimada-soomaaliya/,1 = Real News
https://radiomuqdisho.so/,tartamayaasha boondheere oo u gudbay caawa wareegga afar dhamaadka ee tartanka,tartamayaasha boondheer oo u gudbay caawa wareegga afar dhamaadka ee tartanka,https://radiomuqdisho.so/tartamayaasha-boondheere-oo-u-gudbay-caawa-wareegga-afar-dhamaadka-ee-tartanka/,1 = Real News
https://radiomuqdisho.so/,tartamayaasha gaalkacyo oo u gudbay caawa wareegga afar dhamaadka ee tartanka,tartamayaasha gaalkacyo oo u gudbay caawa wareegga afar dhamaadka ee tartanka,https://radiomuqdisho.so/tartamayaasha-gaalkacyo-oo-u-gudbay-caawa-wareegga-afar-dhamaadka-ee-tartanka/,1 = Real News
https://radiomuqdisho.so/,tartamayaasha garbahaareey oo u gudbay wareegga afar dhamaadka ee tartanka,tartamayaasha garbahaareey oo u gudbay wareegga afar dhamaadka ee tartanka,https://radiomuqdisho.so/tartamayaasha-garbahaareey-oo-u-gudbay-wareegga-afar-dhamaadka-ee-tartanka/,1 = Real News
https://radiomuqdisho.so/,tartamayaasha marka oo u gudbay afar dhamaadka ee tartanka,tartamayaasha marka oo u gudbay afar dhamaadka ee tartanka,https://radiomuqdisho.so/tartamayaasha-marka-oo-u-gudbay-afar-dhamaadka-ee-tartanka/,1 = Real News
https://radiomuqdisho.so/,tartamayaasha bardaale oo u gudbay wareegga saddexaad ee tartanka,tartamayaasha bardaal oo u gudbay wareegga saddexaad ee tartanka,https://radiomuqdisho.so/tartamayaasha-bardaale-oo-u-gudbay-wareegga-saddexaad-ee-tartanka/,1 = Real News
https://radiomuqdisho.so/,tartamayaasha boondheere oo caawa u gudbay wareegga saddexaad ee tartanka,tartamayaasha boondheer oo caawa u gudbay wareegga saddexaad ee tartanka,https://radiomuqdisho.so/tartamayaasha-boondheere-oo-caawa-u-gudbay-wareegga-saddexaad-ee-tartanka/,1 = Real News
https://radiomuqdisho.so/,madaxweyne kuxigeenka galmudug oo daahfuray koobka degmooyinka galmudug sawirro,madaxweyn kuxigeenka galmudug oo daahfuray koobka degmooyinka galmudug sawirro,https://radiomuqdisho.so/madaxweyne-ku-xigeenka-galmudug-oo-daahfuray-koobka-degmooyinka-galmudug-sawirro/,1 = Real News
https://radiomuqdisho.so/,cayaartooyda xulka qaranka dalkeenna oo baaritaan lagu xaqiijinayo dadooda ku maraya ethiopia,cayaartooyda xulka qaranka dalkeenna oo baaritaan lagu xaqiijinayo dadooda ku maraya ethiopia,https://radiomuqdisho.so/cayaartooyda-xulka-qaranka-dalkeenna-oo-baaritaan-lagu-xaqiijinayo-dadooda-ku-maraya-ethiopia/,1 = Real News
https://radiomuqdisho.so/,wasiirka dhallinyarada oo kormeeray garoonka kubadda cagta ee stadium mogadishu sawirro,wasiirka dhallinyarada oo kormeeray garoonka kubadda cagta ee stadium mogadishu sawirro,https://radiomuqdisho.so/wasiirka-dhallinyarada-oo-kormeeray-garoonka-kubadda-cagta-ee-stadium-mogadishu-sawirro/,1 = Real News
https://radiomuqdisho.so/,raiisul wasaare xamse oo soo xiray koobka degmooyinka iyo deegaannada gobolka banaadir,raiisul wasaar xams oo soo xiray koobka degmooyinka iyo deegaannada gobolka banaadir,https://radiomuqdisho.so/raiisul-wasaare-xamse-oo-soo-xiray-koobka-degmooyinka-iyo-deegaannada-gobolka-banaadir/,1 = Real News
https://radiomuqdisho.so/,degmada gubadleey oo ku guuleesaday tartanka degmooyinka gobalka banaadir,degmada gubadleey oo ku guuleesaday tartanka degmooyinka gobalka banaadir,https://radiomuqdisho.so/degmada-gubadleey-oo-ku-guuleesaday-tartanka-degmooyinka-gobalka-banaadir/,1 = Real News
https://radiomuqdisho.so/,ogeysiis dadweyne,ogeysii dadweyn,https://radiomuqdisho.so/ogeysiis-dadweyne/,1 = Real News
https://radiomuqdisho.so/,kala sareynta darajooyinka ciidanka waa kee jananka ugu darajada sareeya ciidamada qaranka,kala sareynta darajooyinka ciidanka waa kee jananka ugu darajada sareeya ciidamada qaranka,https://radiomuqdisho.so/kala-sareynta-darajooyinka-ciidanka-waa-kee-jananka-ugu-darajada-sareeya-ciidamada-qaranka/,1 = Real News
https://radiomuqdisho.so/,gudaha villa somalia saac iyo la jirka madaxweyne xasan sheekh wareysi xiisa badan,gudaha villa somalia saac iyo la jirka madaxweyn xasan sheekh wareysi xiisa badan,https://radiomuqdisho.so/gudaha-madaxtooyada-soomaaliya-72-saac-iyo-la-jirka-madaxweynaha-maqaal/,1 = Real News
https://radiomuqdisho.so/,taariikhda halgamayaashii xornimo doonka soomaaliyeed,taariikhda halgamayaashii xornimo doonka soomaaliye,https://radiomuqdisho.so/taariikhda-halgammadii-xornimo-doonka-soomaaliyeed/,1 = Real News
https://radiomuqdisho.so/,wasaarrada waxbarashada oo shaacisay natiijadda imtixaankii dugisyada sare e heer qaran,wasaarrada waxbarashada oo shaacisay natiijadda imtixaankii dugisyada sare e heer qaran,https://radiomuqdisho.so/natiijada-imtixaanka-guud-ee-dugsiyada-sare-dalka-oo-la-shaaciyay-halkaan-ka-akhriso/,1 = Real News
https://radiomuqdisho.so/,machadka sare ee daraasaadka amniga oo qaadanaya dufcadii aad,machadka sare ee daraasaadka amniga oo qaadanaya dufcadii aad,https://radiomuqdisho.so/machadka-sare-ee-daraasaadka-amniga-oo-soo-saaray-ogeysiis-cusub/,1 = Real News
https://radiomuqdisho.so/,warka subaxnimo,warka subaxnimo,https://radiyomuqdisho.so/category/wararka-raadiyahaa/warka-subaxnimo/,1 = Real News
https://radiomuqdisho.so/,warka duhurnimo,warka duhurnimo,https://radiyomuqdisho.so/category/wararka-raadiyahaa/warka-duhurnimo/,1 = Real News
https://radiomuqdisho.so/,taariikh nololeed boqoradii fanka soomaaliyeed khadra daahir cige oo geeriyootay,taariikh nolole boqoradii fanka soomaaliye khadra daahir cige oo geeriyootay,https://radiomuqdisho.so/taariikh-nololeed-boqoradii-fanka-soomaaliyeed-khadra-daahir-cige-oo-geeriyootay/,1 = Real News
https://radiomuqdisho.so/,the federal government of somalia clarifies wfp warehouse allegations,feder govern somalia clarifi wfp warehous alleg,https://radiomuqdisho.so/the-federal-government-of-somalia-clarifies-wfp-warehouse-allegations/,1 = Real News
https://radiomuqdisho.so/,minister of defence concludes training of gorgor special forces at turksom academy,minist defenc conclud train gorgor special forc turksom academi,https://radiomuqdisho.so/minister-of-defence-concludes-training-of-gorgor-special-forces-at-turksom-academy/,1 = Real News
https://radiomuqdisho.so/,somalia reaffirms firm support for onechina principle,somalia reaffirm firm support onechina principl,https://radiomuqdisho.so/somalia-reaffirms-firm-support-for-one-china-principle/,1 = Real News
https://radiomuqdisho.so/,somali fm addresses au psc on threats to somalias territorial unity,somali fm address au psc threat somalia territori uniti,https://radiomuqdisho.so/somali-fm-addresses-au-psc-on-threats-to-somalias-territorial-unity/,1 = Real News
https://radiomuqdisho.so/,forgotten password,forgotten password,https://radiomuqdisho.so/#jeg_forgotform,1 = Real News
